VendorName,Brand,Category,PurchasePrice,ActualPrice,QuantitySold,QuantityOnHand,TotalSales,TotalPurchaseCost,GrossProfit,PurchaseDate,Month,MonthName,Quarter,Year,ProfitMargin,MarkupRatio
Global Mart,Brand G,Clothing,305.61,687.96,66,227,45405.36,20170.26,25235.1,2023-07-25,7,Jul,3,2023,55.58,2.251
Delta Traders,Brand D,Sporting Goods,241.97,521.2,30,162,15636.0,7259.1,8376.9,2023-05-17,5,May,2,2023,53.57,2.154
Heritage Inc.,Brand H,Health & Beauty,39.26,83.47,20,235,1669.4,785.2,884.2,2023-12-02,12,Dec,4,2023,52.97,2.126
Eagle Exports,Brand E,Office Supplies,339.1,788.97,188,127,148326.36,63750.8,84575.56,2023-09-28,9,Sep,3,2023,57.02,2.327
Global Mart,Brand G,Electronics,295.28,623.6,82,199,51135.2,24212.96,26922.24,2023-02-14,2,Feb,1,2023,52.65,2.112
Junction LLC,Brand J,Electronics,495.2,705.45,107,449,75483.15,52986.4,22496.75,2023-07-21,7,Jul,3,2023,29.8,1.425
Cardinal Goods,Brand C,Food & Beverage,127.19,265.55,152,389,40363.6,19332.88,21030.72,2023-05-01,5,May,2,2023,52.1,2.088
Global Mart,Brand G,Office Supplies,270.06,413.4,132,30,54568.8,35647.92,18920.88,2023-06-15,6,Jun,2,2023,34.67,1.531
Heritage Inc.,Brand H,Furniture,328.97,473.4,37,137,17515.8,12171.89,5343.91,2023-03-13,3,Mar,1,2023,30.51,1.439
Eagle Exports,Brand E,Sporting Goods,325.85,391.74,132,491,51709.68,43012.2,8697.48,2023-04-05,4,Apr,2,2023,16.82,1.202
Delta Traders,Brand D,Food & Beverage,285.03,610.43,77,20,47003.11,21947.31,25055.8,2023-12-04,12,Dec,4,2023,53.31,2.142
Heritage Inc.,Brand H,Furniture,390.69,818.65,89,233,72859.85,34771.41,38088.44,2023-11-17,11,Nov,4,2023,52.28,2.095
Heritage Inc.,Brand H,Clothing,110.44,157.74,146,201,23030.04,16124.24,6905.8,2023-06-18,6,Jun,2,2023,29.99,1.428
Cardinal Goods,Brand C,Sporting Goods,365.56,785.64,88,278,69136.32,32169.28,36967.04,2023-02-17,2,Feb,1,2023,53.47,2.149
FairWay Corp.,Brand F,Clothing,313.67,748.1,194,130,145131.4,60851.98,84279.42,2023-11-03,11,Nov,4,2023,58.07,2.385
Eagle Exports,Brand E,Office Supplies,449.08,561.91,176,415,98896.16,79038.08,19858.08,2023-05-24,5,May,2,2023,20.08,1.251
Blue Ridge Co.,Brand B,Health & Beauty,425.13,606.1,33,147,20001.3,14029.29,5972.01,2023-08-25,8,Aug,3,2023,29.86,1.426
Heritage Inc.,Brand H,Sporting Goods,164.42,353.56,58,457,20506.48,9536.36,10970.12,2023-11-11,11,Nov,4,2023,53.5,2.15
FairWay Corp.,Brand F,Furniture,145.36,215.76,28,28,6041.28,4070.08,1971.2,2023-12-25,12,Dec,4,2023,32.63,1.484
Blue Ridge Co.,Brand B,Health & Beauty,491.01,969.51,35,360,33932.85,17185.35,16747.5,2023-02-01,2,Feb,1,2023,49.35,1.975
Eagle Exports,Brand E,Electronics,268.36,325.69,125,307,40711.25,33545.0,7166.25,2023-02-18,2,Feb,1,2023,17.6,1.214
Apex Supplies,Brand A,Furniture,454.15,787.08,138,370,108617.04,62672.7,45944.34,2023-12-28,12,Dec,4,2023,42.3,1.733
Junction LLC,Brand J,Food & Beverage,90.3,192.77,65,429,12530.05,5869.5,6660.55,2023-12-02,12,Dec,4,2023,53.16,2.135
FairWay Corp.,Brand F,Electronics,324.98,669.82,42,161,28132.44,13649.16,14483.28,2023-07-11,7,Jul,3,2023,51.48,2.061
Icon Wholesale,Brand I,Electronics,406.83,911.75,85,356,77498.75,34580.55,42918.2,2023-09-29,9,Sep,3,2023,55.38,2.241
Apex Supplies,Brand A,Food & Beverage,474.22,1104.19,137,339,151274.03,64968.14,86305.89,2023-12-10,12,Dec,4,2023,57.05,2.328
Junction LLC,Brand J,Sporting Goods,175.3,382.58,188,60,71925.04,32956.4,38968.64,2023-03-28,3,Mar,1,2023,54.18,2.182
Cardinal Goods,Brand C,Electronics,365.24,745.17,111,124,82713.87,40541.64,42172.23,2023-03-06,3,Mar,1,2023,50.99,2.04
Global Mart,Brand G,Office Supplies,274.02,313.59,15,455,4703.85,4110.3,593.55,2023-07-11,7,Jul,3,2023,12.62,1.144
Delta Traders,Brand D,Furniture,39.71,73.42,185,70,13582.7,7346.35,6236.35,2023-01-07,1,Jan,1,2023,45.91,1.849
Icon Wholesale,Brand I,Health & Beauty,348.1,401.28,69,325,27688.32,24018.9,3669.42,2023-02-17,2,Feb,1,2023,13.25,1.153
Cardinal Goods,Brand C,Electronics,348.15,776.83,105,394,81567.15,36555.75,45011.4,2023-07-31,7,Jul,3,2023,55.18,2.231
Eagle Exports,Brand E,Furniture,466.0,721.84,150,363,108276.0,69900.0,38376.0,2023-05-29,5,May,2,2023,35.44,1.549
Cardinal Goods,Brand C,Clothing,253.68,478.8,64,465,30643.2,16235.52,14407.68,2023-11-09,11,Nov,4,2023,47.02,1.887
Global Mart,Brand G,Furniture,122.82,183.15,41,242,7509.15,5035.62,2473.53,2023-06-09,6,Jun,2,2023,32.94,1.491
Eagle Exports,Brand E,Health & Beauty,31.84,69.9,71,489,4962.9,2260.64,2702.26,2023-05-18,5,May,2,2023,54.45,2.195
Icon Wholesale,Brand I,Furniture,213.66,500.2,56,248,28011.2,11964.96,16046.24,2023-04-13,4,Apr,2,2023,57.29,2.341
Global Mart,Brand G,Food & Beverage,157.94,261.88,151,220,39543.88,23848.94,15694.94,2023-03-25,3,Mar,1,2023,39.69,1.658
Blue Ridge Co.,Brand B,Health & Beauty,382.93,883.84,25,472,22096.0,9573.25,12522.75,2023-08-05,8,Aug,3,2023,56.67,2.308
Delta Traders,Brand D,Sporting Goods,183.59,270.59,105,446,28411.95,19276.95,9135.0,2023-10-29,10,Oct,4,2023,32.15,1.474
Icon Wholesale,Brand I,Clothing,475.04,878.12,134,20,117668.08,63655.36,54012.72,2023-04-30,4,Apr,2,2023,45.9,1.849
Blue Ridge Co.,Brand B,Food & Beverage,481.53,1108.61,119,493,131924.59,57302.07,74622.52,2023-01-15,1,Jan,1,2023,56.56,2.302
Junction LLC,Brand J,Sporting Goods,314.25,489.05,162,386,79226.1,50908.5,28317.6,2023-05-18,5,May,2,2023,35.74,1.556
Icon Wholesale,Brand I,Furniture,465.04,1132.68,191,81,216341.88,88822.64,127519.24,2023-12-19,12,Dec,4,2023,58.94,2.436
Junction LLC,Brand J,Health & Beauty,382.82,486.42,9,343,4377.78,3445.38,932.4,2023-12-10,12,Dec,4,2023,21.3,1.271
Eagle Exports,Brand E,Clothing,277.96,312.87,60,366,18772.2,16677.6,2094.6,2023-06-08,6,Jun,2,2023,11.16,1.126
Blue Ridge Co.,Brand B,Food & Beverage,98.35,232.68,125,485,29085.0,12293.75,16791.25,2023-09-18,9,Sep,3,2023,57.73,2.366
Delta Traders,Brand D,Sporting Goods,234.71,280.74,49,9,13756.26,11500.79,2255.47,2023-10-18,10,Oct,4,2023,16.4,1.196
Global Mart,Brand G,Sporting Goods,284.83,708.84,51,410,36150.84,14526.33,21624.51,2023-07-14,7,Jul,3,2023,59.82,2.489
Heritage Inc.,Brand H,Clothing,433.34,1053.86,188,11,198125.68,81467.92,116657.76,2023-04-19,4,Apr,2,2023,58.88,2.432
Cardinal Goods,Brand C,Office Supplies,245.85,317.6,70,262,22232.0,17209.5,5022.5,2023-10-25,10,Oct,4,2023,22.59,1.292
Apex Supplies,Brand A,Furniture,449.86,833.42,37,144,30836.54,16644.82,14191.72,2023-05-27,5,May,2,2023,46.02,1.853
Delta Traders,Brand D,Clothing,340.43,462.61,31,448,14340.91,10553.33,3787.58,2023-12-19,12,Dec,4,2023,26.41,1.359
Blue Ridge Co.,Brand B,Sporting Goods,77.13,131.08,169,191,22152.52,13034.97,9117.55,2023-07-15,7,Jul,3,2023,41.16,1.699
Heritage Inc.,Brand H,Electronics,497.54,590.08,62,249,36584.96,30847.48,5737.48,2023-06-28,6,Jun,2,2023,15.68,1.186
Delta Traders,Brand D,Food & Beverage,268.34,379.3,93,113,35274.9,24955.62,10319.28,2023-05-09,5,May,2,2023,29.25,1.414
Blue Ridge Co.,Brand B,Clothing,202.01,324.95,186,25,60440.7,37573.86,22866.84,2023-12-27,12,Dec,4,2023,37.83,1.609
FairWay Corp.,Brand F,Office Supplies,332.97,570.75,14,270,7990.5,4661.58,3328.92,2023-03-28,3,Mar,1,2023,41.66,1.714
FairWay Corp.,Brand F,Sporting Goods,63.36,156.4,164,498,25649.6,10391.04,15258.56,2023-04-18,4,Apr,2,2023,59.49,2.468
Junction LLC,Brand J,Furniture,321.9,718.16,164,32,117778.24,52791.6,64986.64,2023-01-03,1,Jan,1,2023,55.18,2.231
Delta Traders,Brand D,Sporting Goods,254.14,541.92,79,61,42811.68,20077.06,22734.62,2023-09-09,9,Sep,3,2023,53.1,2.132
FairWay Corp.,Brand F,Furniture,209.27,387.54,8,228,3100.32,1674.16,1426.16,2023-03-30,3,Mar,1,2023,46.0,1.852
Blue Ridge Co.,Brand B,Clothing,476.98,1085.6,154,302,167182.4,73454.92,93727.48,2023-12-05,12,Dec,4,2023,56.06,2.276
Junction LLC,Brand J,Furniture,266.04,419.03,36,94,15085.08,9577.44,5507.64,2023-05-09,5,May,2,2023,36.51,1.575
Blue Ridge Co.,Brand B,Health & Beauty,117.37,245.59,48,34,11788.32,5633.76,6154.56,2023-10-05,10,Oct,4,2023,52.21,2.092
Junction LLC,Brand J,Health & Beauty,234.89,585.18,85,192,49740.3,19965.65,29774.65,2023-07-31,7,Jul,3,2023,59.86,2.491
Delta Traders,Brand D,Health & Beauty,460.5,709.39,28,455,19862.92,12894.0,6968.92,2023-04-23,4,Apr,2,2023,35.09,1.54
Heritage Inc.,Brand H,Office Supplies,96.29,196.78,196,75,38568.88,18872.84,19696.04,2023-12-01,12,Dec,4,2023,51.07,2.044
Global Mart,Brand G,Office Supplies,114.84,262.07,190,378,49793.3,21819.6,27973.7,2023-07-05,7,Jul,3,2023,56.18,2.282
Icon Wholesale,Brand I,Electronics,16.38,39.02,51,248,1990.02,835.38,1154.64,2023-05-22,5,May,2,2023,58.02,2.382
Heritage Inc.,Brand H,Office Supplies,16.95,35.68,104,82,3710.72,1762.8,1947.92,2023-03-23,3,Mar,1,2023,52.49,2.105
Eagle Exports,Brand E,Clothing,416.4,623.37,170,24,105972.9,70788.0,35184.9,2023-02-22,2,Feb,1,2023,33.2,1.497
Blue Ridge Co.,Brand B,Sporting Goods,368.74,574.05,101,56,57979.05,37242.74,20736.31,2023-02-07,2,Feb,1,2023,35.77,1.557
Eagle Exports,Brand E,Sporting Goods,183.97,207.71,29,31,6023.59,5335.13,688.46,2023-09-30,9,Sep,3,2023,11.43,1.129
Heritage Inc.,Brand H,Electronics,352.17,762.53,127,318,96841.31,44725.59,52115.72,2023-03-17,3,Mar,1,2023,53.82,2.165
Junction LLC,Brand J,Office Supplies,203.65,236.2,82,11,19368.4,16699.3,2669.1,2023-05-04,5,May,2,2023,13.78,1.16
Icon Wholesale,Brand I,Furniture,476.92,1101.93,10,318,11019.3,4769.2,6250.1,2023-09-22,9,Sep,3,2023,56.72,2.311
Icon Wholesale,Brand I,Electronics,483.86,612.63,106,332,64938.78,51289.16,13649.62,2023-12-08,12,Dec,4,2023,21.02,1.266
Apex Supplies,Brand A,Furniture,202.47,271.44,167,91,45330.48,33812.49,11517.99,2023-09-11,9,Sep,3,2023,25.41,1.341
Icon Wholesale,Brand I,Furniture,428.57,757.34,1,0,757.34,428.57,328.77,2023-12-04,12,Dec,4,2023,43.41,1.767
Global Mart,Brand G,Food & Beverage,388.81,829.34,39,434,32344.26,15163.59,17180.67,2023-05-01,5,May,2,2023,53.12,2.133
Icon Wholesale,Brand I,Sporting Goods,161.9,209.6,21,325,4401.6,3399.9,1001.7,2023-12-29,12,Dec,4,2023,22.76,1.295
Heritage Inc.,Brand H,Health & Beauty,123.7,212.28,65,135,13798.2,8040.5,5757.7,2023-02-22,2,Feb,1,2023,41.73,1.716
Apex Supplies,Brand A,Office Supplies,234.53,416.52,15,195,6247.8,3517.95,2729.85,2023-09-22,9,Sep,3,2023,43.69,1.776
Heritage Inc.,Brand H,Furniture,392.86,548.9,132,132,72454.8,51857.52,20597.28,2023-08-24,8,Aug,3,2023,28.43,1.397
Heritage Inc.,Brand H,Food & Beverage,480.48,606.26,188,472,113976.88,90330.24,23646.64,2023-01-28,1,Jan,1,2023,20.75,1.262
Cardinal Goods,Brand C,Sporting Goods,384.15,872.4,61,85,53216.4,23433.15,29783.25,2023-11-14,11,Nov,4,2023,55.97,2.271
Apex Supplies,Brand A,Health & Beauty,429.05,773.77,148,475,114517.96,63499.4,51018.56,2023-08-21,8,Aug,3,2023,44.55,1.803
Heritage Inc.,Brand H,Furniture,305.5,342.2,138,294,47223.6,42159.0,5064.6,2023-09-08,9,Sep,3,2023,10.72,1.12
Cardinal Goods,Brand C,Furniture,419.35,932.71,87,278,81145.77,36483.45,44662.32,2023-09-12,9,Sep,3,2023,55.04,2.224
Cardinal Goods,Brand C,Electronics,394.37,975.32,105,323,102408.6,41408.85,60999.75,2023-11-02,11,Nov,4,2023,59.57,2.473
Apex Supplies,Brand A,Electronics,194.72,379.37,34,179,12898.58,6620.48,6278.1,2023-06-05,6,Jun,2,2023,48.67,1.948
Eagle Exports,Brand E,Sporting Goods,280.48,506.32,124,3,62783.68,34779.52,28004.16,2023-09-09,9,Sep,3,2023,44.6,1.805
Junction LLC,Brand J,Health & Beauty,404.33,942.0,110,125,103620.0,44476.3,59143.7,2023-04-21,4,Apr,2,2023,57.08,2.33
Global Mart,Brand G,Furniture,32.57,79.26,176,174,13949.76,5732.32,8217.44,2023-12-24,12,Dec,4,2023,58.91,2.434
Junction LLC,Brand J,Sporting Goods,405.96,875.39,33,250,28887.87,13396.68,15491.19,2023-03-09,3,Mar,1,2023,53.63,2.156
Icon Wholesale,Brand I,Sporting Goods,97.17,167.49,98,20,16414.02,9522.66,6891.36,2023-08-16,8,Aug,3,2023,41.98,1.724
Global Mart,Brand G,Clothing,262.19,505.79,61,484,30853.19,15993.59,14859.6,2023-05-09,5,May,2,2023,48.16,1.929
Icon Wholesale,Brand I,Office Supplies,406.05,845.12,10,439,8451.2,4060.5,4390.7,2023-08-30,8,Aug,3,2023,51.95,2.081
Heritage Inc.,Brand H,Electronics,134.37,184.35,182,104,33551.7,24455.34,9096.36,2023-05-31,5,May,2,2023,27.11,1.372
Blue Ridge Co.,Brand B,Health & Beauty,130.45,225.17,84,65,18914.28,10957.8,7956.48,2023-07-02,7,Jul,3,2023,42.07,1.726
Apex Supplies,Brand A,Furniture,207.35,468.97,65,442,30483.05,13477.75,17005.3,2023-09-15,9,Sep,3,2023,55.79,2.262
Global Mart,Brand G,Sporting Goods,448.37,904.19,77,262,69622.63,34524.49,35098.14,2023-03-10,3,Mar,1,2023,50.41,2.017
Global Mart,Brand G,Furniture,10.22,17.13,1,48,17.13,10.22,6.91,2023-06-26,6,Jun,2,2023,40.34,1.676
Heritage Inc.,Brand H,Clothing,451.68,916.33,133,15,121871.89,60073.44,61798.45,2023-01-22,1,Jan,1,2023,50.71,2.029
Eagle Exports,Brand E,Health & Beauty,85.37,108.04,80,144,8643.2,6829.6,1813.6,2023-07-07,7,Jul,3,2023,20.98,1.266
Cardinal Goods,Brand C,Sporting Goods,495.14,822.97,15,339,12344.55,7427.1,4917.45,2023-03-22,3,Mar,1,2023,39.83,1.662
Heritage Inc.,Brand H,Furniture,477.88,1056.3,28,249,29576.4,13380.64,16195.76,2023-09-08,9,Sep,3,2023,54.76,2.21
FairWay Corp.,Brand F,Electronics,252.39,355.54,23,342,8177.42,5804.97,2372.45,2023-05-18,5,May,2,2023,29.01,1.409
Cardinal Goods,Brand C,Office Supplies,261.23,355.36,109,353,38734.24,28474.07,10260.17,2023-10-11,10,Oct,4,2023,26.49,1.36
Apex Supplies,Brand A,Clothing,245.96,597.96,107,74,63981.72,26317.72,37664.0,2023-11-04,11,Nov,4,2023,58.87,2.431
Cardinal Goods,Brand C,Health & Beauty,321.37,447.94,145,289,64951.3,46598.65,18352.65,2023-04-27,4,Apr,2,2023,28.26,1.394
Eagle Exports,Brand E,Clothing,54.45,79.78,113,416,9015.14,6152.85,2862.29,2023-01-23,1,Jan,1,2023,31.75,1.465
Cardinal Goods,Brand C,Electronics,25.98,63.84,98,281,6256.32,2546.04,3710.28,2023-04-30,4,Apr,2,2023,59.3,2.457
Apex Supplies,Brand A,Health & Beauty,38.27,81.46,141,65,11485.86,5396.07,6089.79,2023-08-25,8,Aug,3,2023,53.02,2.129
Eagle Exports,Brand E,Clothing,227.74,473.57,142,124,67246.94,32339.08,34907.86,2023-05-30,5,May,2,2023,51.91,2.079
Junction LLC,Brand J,Food & Beverage,145.02,332.69,139,318,46243.91,20157.78,26086.13,2023-09-16,9,Sep,3,2023,56.41,2.294
Global Mart,Brand G,Electronics,314.8,397.33,28,86,11125.24,8814.4,2310.84,2023-05-01,5,May,2,2023,20.77,1.262
Global Mart,Brand G,Electronics,496.3,1036.44,42,40,43530.48,20844.6,22685.88,2023-03-07,3,Mar,1,2023,52.11,2.088
Icon Wholesale,Brand I,Electronics,199.3,359.77,99,469,35617.23,19730.7,15886.53,2023-04-24,4,Apr,2,2023,44.6,1.805
Junction LLC,Brand J,Food & Beverage,291.18,658.3,61,185,40156.3,17761.98,22394.32,2023-09-29,9,Sep,3,2023,55.77,2.261
Junction LLC,Brand J,Food & Beverage,213.65,387.01,123,353,47602.23,26278.95,21323.28,2023-10-28,10,Oct,4,2023,44.79,1.811
Cardinal Goods,Brand C,Furniture,425.16,836.86,64,379,53559.04,27210.24,26348.8,2023-11-10,11,Nov,4,2023,49.2,1.968
Global Mart,Brand G,Sporting Goods,452.1,799.69,31,334,24790.39,14015.1,10775.29,2023-07-16,7,Jul,3,2023,43.47,1.769
Apex Supplies,Brand A,Office Supplies,439.9,778.37,81,265,63047.97,35631.9,27416.07,2023-08-20,8,Aug,3,2023,43.48,1.769
Delta Traders,Brand D,Clothing,487.44,1060.26,10,270,10602.6,4874.4,5728.2,2023-12-16,12,Dec,4,2023,54.03,2.175
Delta Traders,Brand D,Furniture,23.48,46.49,8,41,371.92,187.84,184.08,2023-06-17,6,Jun,2,2023,49.49,1.98
Eagle Exports,Brand E,Clothing,421.51,837.36,149,92,124766.64,62804.99,61961.65,2023-08-02,8,Aug,3,2023,49.66,1.987
Global Mart,Brand G,Office Supplies,378.37,654.73,59,184,38629.07,22323.83,16305.24,2023-03-24,3,Mar,1,2023,42.21,1.73
Global Mart,Brand G,Sporting Goods,122.06,225.02,178,214,40053.56,21726.68,18326.88,2023-08-04,8,Aug,3,2023,45.76,1.844
Delta Traders,Brand D,Food & Beverage,478.6,1026.12,197,16,202145.64,94284.2,107861.44,2023-01-22,1,Jan,1,2023,53.36,2.144
Global Mart,Brand G,Sporting Goods,82.61,186.39,198,443,36905.22,16356.78,20548.44,2023-04-16,4,Apr,2,2023,55.68,2.256
Cardinal Goods,Brand C,Food & Beverage,342.98,711.75,30,264,21352.5,10289.4,11063.1,2023-12-21,12,Dec,4,2023,51.81,2.075
FairWay Corp.,Brand F,Office Supplies,120.2,287.72,145,113,41719.4,17429.0,24290.4,2023-09-08,9,Sep,3,2023,58.22,2.394
Blue Ridge Co.,Brand B,Sporting Goods,221.38,497.76,20,291,9955.2,4427.6,5527.6,2023-01-18,1,Jan,1,2023,55.52,2.248
Junction LLC,Brand J,Furniture,362.39,683.69,48,456,32817.12,17394.72,15422.4,2023-08-05,8,Aug,3,2023,46.99,1.887
Icon Wholesale,Brand I,Health & Beauty,286.03,583.49,130,463,75853.7,37183.9,38669.8,2023-11-30,11,Nov,4,2023,50.98,2.04
Eagle Exports,Brand E,Furniture,219.48,526.06,37,291,19464.22,8120.76,11343.46,2023-11-04,11,Nov,4,2023,58.28,2.397
FairWay Corp.,Brand F,Clothing,169.91,334.18,129,47,43109.22,21918.39,21190.83,2023-12-05,12,Dec,4,2023,49.16,1.967
Delta Traders,Brand D,Furniture,421.43,950.21,132,306,125427.72,55628.76,69798.96,2023-12-31,12,Dec,4,2023,55.65,2.255
Junction LLC,Brand J,Office Supplies,80.47,166.12,100,96,16612.0,8047.0,8565.0,2023-04-04,4,Apr,2,2023,51.56,2.064
Global Mart,Brand G,Electronics,220.75,413.4,54,374,22323.6,11920.5,10403.1,2023-05-01,5,May,2,2023,46.6,1.873
Icon Wholesale,Brand I,Clothing,452.84,651.44,122,94,79475.68,55246.48,24229.2,2023-03-14,3,Mar,1,2023,30.49,1.439
Global Mart,Brand G,Sporting Goods,424.47,720.07,25,325,18001.75,10611.75,7390.0,2023-03-08,3,Mar,1,2023,41.05,1.696
Apex Supplies,Brand A,Clothing,206.46,506.83,131,73,66394.73,27046.26,39348.47,2023-10-19,10,Oct,4,2023,59.26,2.455
Apex Supplies,Brand A,Health & Beauty,383.92,775.85,9,335,6982.65,3455.28,3527.37,2023-09-03,9,Sep,3,2023,50.52,2.021
Icon Wholesale,Brand I,Food & Beverage,413.35,781.29,34,67,26563.86,14053.9,12509.96,2023-04-16,4,Apr,2,2023,47.09,1.89
Icon Wholesale,Brand I,Sporting Goods,445.55,1072.06,43,245,46098.58,19158.65,26939.93,2023-10-29,10,Oct,4,2023,58.44,2.406
Delta Traders,Brand D,Clothing,276.81,531.78,74,405,39351.72,20483.94,18867.78,2023-04-23,4,Apr,2,2023,47.95,1.921
Icon Wholesale,Brand I,Sporting Goods,110.19,202.37,94,76,19022.78,10357.86,8664.92,2023-05-31,5,May,2,2023,45.55,1.837
Cardinal Goods,Brand C,Sporting Goods,135.1,292.23,22,207,6429.06,2972.2,3456.86,2023-02-14,2,Feb,1,2023,53.77,2.163
Global Mart,Brand G,Sporting Goods,154.89,324.92,70,371,22744.4,10842.3,11902.1,2023-03-20,3,Mar,1,2023,52.33,2.098
FairWay Corp.,Brand F,Food & Beverage,300.96,412.44,130,253,53617.2,39124.8,14492.4,2023-07-23,7,Jul,3,2023,27.03,1.37
Heritage Inc.,Brand H,Office Supplies,26.08,45.9,94,220,4314.6,2451.52,1863.08,2023-08-24,8,Aug,3,2023,43.18,1.76
Icon Wholesale,Brand I,Furniture,321.66,566.61,194,261,109922.34,62402.04,47520.3,2023-04-22,4,Apr,2,2023,43.23,1.762
Eagle Exports,Brand E,Sporting Goods,188.53,307.21,32,409,9830.72,6032.96,3797.76,2023-06-21,6,Jun,2,2023,38.63,1.63
Apex Supplies,Brand A,Electronics,154.67,282.15,106,330,29907.9,16395.02,13512.88,2023-06-25,6,Jun,2,2023,45.18,1.824
Cardinal Goods,Brand C,Office Supplies,440.95,740.07,144,343,106570.08,63496.8,43073.28,2023-04-24,4,Apr,2,2023,40.42,1.678
Junction LLC,Brand J,Health & Beauty,235.4,324.64,1,476,324.64,235.4,89.24,2023-02-28,2,Feb,1,2023,27.49,1.379
Heritage Inc.,Brand H,Food & Beverage,56.58,94.9,72,258,6832.8,4073.76,2759.04,2023-12-21,12,Dec,4,2023,40.38,1.677
FairWay Corp.,Brand F,Clothing,415.11,498.63,176,307,87758.88,73059.36,14699.52,2023-12-01,12,Dec,4,2023,16.75,1.201
Heritage Inc.,Brand H,Food & Beverage,33.34,63.55,50,73,3177.5,1667.0,1510.5,2023-06-05,6,Jun,2,2023,47.54,1.906
Icon Wholesale,Brand I,Clothing,366.11,840.27,141,124,118478.07,51621.51,66856.56,2023-01-12,1,Jan,1,2023,56.43,2.295
Delta Traders,Brand D,Food & Beverage,389.21,823.34,15,187,12350.1,5838.15,6511.95,2023-02-24,2,Feb,1,2023,52.73,2.115
Apex Supplies,Brand A,Clothing,182.78,293.28,53,253,15543.84,9687.34,5856.5,2023-03-15,3,Mar,1,2023,37.68,1.605
Apex Supplies,Brand A,Sporting Goods,414.15,506.05,172,446,87040.6,71233.8,15806.8,2023-06-23,6,Jun,2,2023,18.16,1.222
Junction LLC,Brand J,Furniture,262.67,363.28,8,320,2906.24,2101.36,804.88,2023-11-01,11,Nov,4,2023,27.69,1.383
Delta Traders,Brand D,Clothing,237.01,441.71,74,307,32686.54,17538.74,15147.8,2023-10-17,10,Oct,4,2023,46.34,1.864
Global Mart,Brand G,Clothing,32.25,44.82,46,234,2061.72,1483.5,578.22,2023-10-27,10,Oct,4,2023,28.05,1.39
Blue Ridge Co.,Brand B,Electronics,152.11,283.16,69,473,19538.04,10495.59,9042.45,2023-08-30,8,Aug,3,2023,46.28,1.862
Cardinal Goods,Brand C,Clothing,466.19,663.97,114,249,75692.58,53145.66,22546.92,2023-11-23,11,Nov,4,2023,29.79,1.424
Apex Supplies,Brand A,Electronics,201.99,462.25,147,331,67950.75,29692.53,38258.22,2023-02-15,2,Feb,1,2023,56.3,2.288
Eagle Exports,Brand E,Health & Beauty,277.88,460.22,166,397,76396.52,46128.08,30268.44,2023-11-16,11,Nov,4,2023,39.62,1.656
Apex Supplies,Brand A,Sporting Goods,270.69,390.81,123,344,48069.63,33294.87,14774.76,2023-03-28,3,Mar,1,2023,30.74,1.444
Heritage Inc.,Brand H,Electronics,299.31,669.63,139,71,93078.57,41604.09,51474.48,2023-09-11,9,Sep,3,2023,55.3,2.237
Apex Supplies,Brand A,Furniture,40.05,63.28,117,234,7403.76,4685.85,2717.91,2023-11-06,11,Nov,4,2023,36.71,1.58
Apex Supplies,Brand A,Office Supplies,187.47,235.48,43,323,10125.64,8061.21,2064.43,2023-12-24,12,Dec,4,2023,20.39,1.256
Blue Ridge Co.,Brand B,Sporting Goods,364.33,691.71,20,155,13834.2,7286.6,6547.6,2023-01-29,1,Jan,1,2023,47.33,1.899
Blue Ridge Co.,Brand B,Electronics,108.27,207.25,148,454,30673.0,16023.96,14649.04,2023-06-24,6,Jun,2,2023,47.76,1.914
FairWay Corp.,Brand F,Sporting Goods,109.75,230.54,21,393,4841.34,2304.75,2536.59,2023-08-05,8,Aug,3,2023,52.39,2.101
Global Mart,Brand G,Sporting Goods,14.94,21.46,82,114,1759.72,1225.08,534.64,2023-02-07,2,Feb,1,2023,30.38,1.436
Eagle Exports,Brand E,Sporting Goods,224.37,386.2,57,312,22013.4,12789.09,9224.31,2023-08-23,8,Aug,3,2023,41.9,1.721
Apex Supplies,Brand A,Health & Beauty,442.54,661.74,178,227,117789.72,78772.12,39017.6,2023-07-31,7,Jul,3,2023,33.12,1.495
Apex Supplies,Brand A,Furniture,35.43,42.99,74,321,3181.26,2621.82,559.44,2023-09-11,9,Sep,3,2023,17.59,1.213
Cardinal Goods,Brand C,Food & Beverage,103.65,241.22,98,345,23639.56,10157.7,13481.86,2023-09-24,9,Sep,3,2023,57.03,2.327
Blue Ridge Co.,Brand B,Food & Beverage,161.94,343.38,154,244,52880.52,24938.76,27941.76,2023-06-06,6,Jun,2,2023,52.84,2.12
Eagle Exports,Brand E,Electronics,368.55,560.95,158,305,88630.1,58230.9,30399.2,2023-05-19,5,May,2,2023,34.3,1.522
Junction LLC,Brand J,Sporting Goods,323.91,628.1,110,13,69091.0,35630.1,33460.9,2023-10-17,10,Oct,4,2023,48.43,1.939
FairWay Corp.,Brand F,Electronics,213.81,295.44,115,15,33975.6,24588.15,9387.45,2023-12-20,12,Dec,4,2023,27.63,1.382
Global Mart,Brand G,Health & Beauty,381.94,896.16,159,437,142489.44,60728.46,81760.98,2023-05-12,5,May,2,2023,57.38,2.346
Delta Traders,Brand D,Health & Beauty,308.72,389.26,42,426,16348.92,12966.24,3382.68,2023-07-09,7,Jul,3,2023,20.69,1.261
Global Mart,Brand G,Clothing,449.06,496.38,68,41,33753.84,30536.08,3217.76,2023-01-13,1,Jan,1,2023,9.53,1.105
Heritage Inc.,Brand H,Health & Beauty,410.83,740.65,189,464,139982.85,77646.87,62335.98,2023-01-25,1,Jan,1,2023,44.53,1.803
Apex Supplies,Brand A,Clothing,133.88,256.56,189,109,48489.84,25303.32,23186.52,2023-11-10,11,Nov,4,2023,47.82,1.916
FairWay Corp.,Brand F,Furniture,143.0,273.21,70,277,19124.7,10010.0,9114.7,2023-06-17,6,Jun,2,2023,47.66,1.911
Heritage Inc.,Brand H,Electronics,71.42,84.01,78,323,6552.78,5570.76,982.02,2023-03-20,3,Mar,1,2023,14.99,1.176
Eagle Exports,Brand E,Office Supplies,175.11,269.61,196,18,52843.56,34321.56,18522.0,2023-02-25,2,Feb,1,2023,35.05,1.54
Delta Traders,Brand D,Furniture,499.78,899.04,90,65,80913.6,44980.2,35933.4,2023-04-29,4,Apr,2,2023,44.41,1.799
Blue Ridge Co.,Brand B,Health & Beauty,208.82,293.02,111,166,32525.22,23179.02,9346.2,2023-08-06,8,Aug,3,2023,28.74,1.403
FairWay Corp.,Brand F,Furniture,118.04,274.05,112,72,30693.6,13220.48,17473.12,2023-03-16,3,Mar,1,2023,56.93,2.322
FairWay Corp.,Brand F,Furniture,383.62,468.77,103,402,48283.31,39512.86,8770.45,2023-01-18,1,Jan,1,2023,18.16,1.222
Apex Supplies,Brand A,Furniture,275.81,491.59,145,399,71280.55,39992.45,31288.1,2023-11-07,11,Nov,4,2023,43.89,1.782
Icon Wholesale,Brand I,Health & Beauty,83.3,172.26,19,309,3272.94,1582.7,1690.24,2023-08-03,8,Aug,3,2023,51.64,2.068
FairWay Corp.,Brand F,Office Supplies,196.54,288.22,179,408,51591.38,35180.66,16410.72,2023-11-09,11,Nov,4,2023,31.81,1.466
Cardinal Goods,Brand C,Sporting Goods,213.09,420.63,70,111,29444.1,14916.3,14527.8,2023-08-19,8,Aug,3,2023,49.34,1.974
Delta Traders,Brand D,Furniture,379.38,857.83,63,273,54043.29,23900.94,30142.35,2023-08-30,8,Aug,3,2023,55.77,2.261
Delta Traders,Brand D,Clothing,20.13,27.51,75,406,2063.25,1509.75,553.5,2023-08-27,8,Aug,3,2023,26.83,1.367
Cardinal Goods,Brand C,Health & Beauty,141.82,338.11,158,372,53421.38,22407.56,31013.82,2023-07-11,7,Jul,3,2023,58.06,2.384
Junction LLC,Brand J,Furniture,263.62,494.28,153,84,75624.84,40333.86,35290.98,2023-09-17,9,Sep,3,2023,46.67,1.875
Cardinal Goods,Brand C,Office Supplies,141.73,215.28,104,138,22389.12,14739.92,7649.2,2023-09-09,9,Sep,3,2023,34.16,1.519
Cardinal Goods,Brand C,Sporting Goods,317.93,541.5,75,38,40612.5,23844.75,16767.75,2023-07-17,7,Jul,3,2023,41.29,1.703
Delta Traders,Brand D,Health & Beauty,246.12,378.3,128,104,48422.4,31503.36,16919.04,2023-02-06,2,Feb,1,2023,34.94,1.537
Global Mart,Brand G,Food & Beverage,187.24,396.04,199,323,78811.96,37260.76,41551.2,2023-05-19,5,May,2,2023,52.72,2.115
Delta Traders,Brand D,Sporting Goods,475.11,1052.28,154,280,162051.12,73166.94,88884.18,2023-06-08,6,Jun,2,2023,54.85,2.215
Icon Wholesale,Brand I,Clothing,319.76,724.61,56,446,40578.16,17906.56,22671.6,2023-04-16,4,Apr,2,2023,55.87,2.266
Apex Supplies,Brand A,Furniture,73.67,182.71,22,479,4019.62,1620.74,2398.88,2023-12-29,12,Dec,4,2023,59.68,2.48
Heritage Inc.,Brand H,Office Supplies,284.44,627.99,89,413,55891.11,25315.16,30575.95,2023-03-09,3,Mar,1,2023,54.71,2.208
Global Mart,Brand G,Food & Beverage,392.56,762.33,19,428,14484.27,7458.64,7025.63,2023-04-07,4,Apr,2,2023,48.51,1.942
Blue Ridge Co.,Brand B,Office Supplies,357.16,562.49,159,122,89435.91,56788.44,32647.47,2023-08-02,8,Aug,3,2023,36.5,1.575
Heritage Inc.,Brand H,Food & Beverage,94.32,175.66,26,217,4567.16,2452.32,2114.84,2023-07-24,7,Jul,3,2023,46.31,1.862
Apex Supplies,Brand A,Health & Beauty,486.49,563.11,170,376,95728.7,82703.3,13025.4,2023-06-13,6,Jun,2,2023,13.61,1.157
Icon Wholesale,Brand I,Food & Beverage,229.92,492.66,169,60,83259.54,38856.48,44403.06,2023-04-21,4,Apr,2,2023,53.33,2.143
Icon Wholesale,Brand I,Clothing,87.92,151.6,23,99,3486.8,2022.16,1464.64,2023-09-25,9,Sep,3,2023,42.01,1.724
Blue Ridge Co.,Brand B,Clothing,98.3,110.89,47,306,5211.83,4620.1,591.73,2023-06-08,6,Jun,2,2023,11.35,1.128
Global Mart,Brand G,Electronics,58.14,69.04,13,353,897.52,755.82,141.7,2023-08-16,8,Aug,3,2023,15.79,1.187
Junction LLC,Brand J,Clothing,403.72,663.09,66,392,43763.94,26645.52,17118.42,2023-07-29,7,Jul,3,2023,39.12,1.642
Cardinal Goods,Brand C,Sporting Goods,69.79,133.77,194,203,25951.38,13539.26,12412.12,2023-05-21,5,May,2,2023,47.83,1.917
Global Mart,Brand G,Food & Beverage,71.31,124.78,144,257,17968.32,10268.64,7699.68,2023-06-01,6,Jun,2,2023,42.85,1.75
Junction LLC,Brand J,Clothing,426.73,839.33,73,485,61271.09,31151.29,30119.8,2023-07-01,7,Jul,3,2023,49.16,1.967
Icon Wholesale,Brand I,Health & Beauty,178.86,317.01,156,4,49453.56,27902.16,21551.4,2023-12-13,12,Dec,4,2023,43.58,1.772
Delta Traders,Brand D,Office Supplies,25.12,50.9,77,445,3919.3,1934.24,1985.06,2023-06-20,6,Jun,2,2023,50.65,2.026
Apex Supplies,Brand A,Office Supplies,35.43,49.84,163,196,8123.92,5775.09,2348.83,2023-02-12,2,Feb,1,2023,28.91,1.407
Blue Ridge Co.,Brand B,Electronics,79.66,100.21,169,179,16935.49,13462.54,3472.95,2023-01-30,1,Jan,1,2023,20.51,1.258
Apex Supplies,Brand A,Office Supplies,114.56,221.67,31,341,6871.77,3551.36,3320.41,2023-04-11,4,Apr,2,2023,48.32,1.935
Eagle Exports,Brand E,Food & Beverage,335.92,597.46,85,132,50784.1,28553.2,22230.9,2023-05-24,5,May,2,2023,43.78,1.779
Eagle Exports,Brand E,Electronics,87.09,99.07,160,442,15851.2,13934.4,1916.8,2023-09-08,9,Sep,3,2023,12.09,1.138
Global Mart,Brand G,Food & Beverage,68.25,111.43,182,323,20280.26,12421.5,7858.76,2023-07-18,7,Jul,3,2023,38.75,1.633
Icon Wholesale,Brand I,Health & Beauty,384.71,480.34,59,252,28340.06,22697.89,5642.17,2023-08-06,8,Aug,3,2023,19.91,1.249
Icon Wholesale,Brand I,Electronics,338.82,624.75,41,264,25614.75,13891.62,11723.13,2023-12-06,12,Dec,4,2023,45.77,1.844
Cardinal Goods,Brand C,Furniture,223.31,369.37,112,92,41369.44,25010.72,16358.72,2023-10-30,10,Oct,4,2023,39.54,1.654
Cardinal Goods,Brand C,Sporting Goods,279.16,546.71,194,149,106061.74,54157.04,51904.7,2023-11-07,11,Nov,4,2023,48.94,1.958
Cardinal Goods,Brand C,Sporting Goods,162.87,362.85,96,410,34833.6,15635.52,19198.08,2023-04-12,4,Apr,2,2023,55.11,2.228
Delta Traders,Brand D,Food & Beverage,246.43,374.46,182,137,68151.72,44850.26,23301.46,2023-02-17,2,Feb,1,2023,34.19,1.52
Heritage Inc.,Brand H,Office Supplies,258.27,631.97,168,207,106170.96,43389.36,62781.6,2023-02-09,2,Feb,1,2023,59.13,2.447
FairWay Corp.,Brand F,Furniture,199.75,369.52,122,489,45081.44,24369.5,20711.94,2023-12-02,12,Dec,4,2023,45.94,1.85
Heritage Inc.,Brand H,Electronics,454.22,892.82,156,124,139279.92,70858.32,68421.6,2023-07-28,7,Jul,3,2023,49.13,1.966
Apex Supplies,Brand A,Furniture,17.87,36.69,165,233,6053.85,2948.55,3105.3,2023-05-27,5,May,2,2023,51.29,2.053
Heritage Inc.,Brand H,Furniture,393.26,799.66,105,60,83964.3,41292.3,42672.0,2023-08-04,8,Aug,3,2023,50.82,2.033
Delta Traders,Brand D,Office Supplies,70.95,128.8,193,306,24858.4,13693.35,11165.05,2023-02-06,2,Feb,1,2023,44.91,1.815
Apex Supplies,Brand A,Electronics,400.8,681.47,74,265,50428.78,29659.2,20769.58,2023-09-26,9,Sep,3,2023,41.19,1.7
Heritage Inc.,Brand H,Health & Beauty,311.8,366.46,183,133,67062.18,57059.4,10002.78,2023-03-15,3,Mar,1,2023,14.92,1.175
Delta Traders,Brand D,Office Supplies,423.21,478.62,132,317,63177.84,55863.72,7314.12,2023-09-28,9,Sep,3,2023,11.58,1.131
FairWay Corp.,Brand F,Furniture,57.78,92.51,99,112,9158.49,5720.22,3438.27,2023-02-19,2,Feb,1,2023,37.54,1.601
Heritage Inc.,Brand H,Furniture,283.9,444.91,126,388,56058.66,35771.4,20287.26,2023-02-07,2,Feb,1,2023,36.19,1.567
Delta Traders,Brand D,Health & Beauty,255.53,419.78,138,377,57929.64,35263.14,22666.5,2023-07-13,7,Jul,3,2023,39.13,1.643
Cardinal Goods,Brand C,Furniture,356.03,460.6,175,453,80605.0,62305.25,18299.75,2023-08-24,8,Aug,3,2023,22.7,1.294
Icon Wholesale,Brand I,Furniture,271.8,579.87,75,190,43490.25,20385.0,23105.25,2023-11-10,11,Nov,4,2023,53.13,2.133
Cardinal Goods,Brand C,Furniture,274.96,632.34,14,378,8852.76,3849.44,5003.32,2023-06-07,6,Jun,2,2023,56.52,2.3
Icon Wholesale,Brand I,Sporting Goods,220.5,532.33,38,439,20228.54,8379.0,11849.54,2023-01-17,1,Jan,1,2023,58.58,2.414
Blue Ridge Co.,Brand B,Office Supplies,161.33,288.67,140,186,40413.8,22586.2,17827.6,2023-07-13,7,Jul,3,2023,44.11,1.789
Blue Ridge Co.,Brand B,Clothing,246.31,512.62,45,318,23067.9,11083.95,11983.95,2023-09-28,9,Sep,3,2023,51.95,2.081
Blue Ridge Co.,Brand B,Office Supplies,68.06,156.39,145,366,22676.55,9868.7,12807.85,2023-03-10,3,Mar,1,2023,56.48,2.298
FairWay Corp.,Brand F,Health & Beauty,481.14,811.01,163,88,132194.63,78425.82,53768.81,2023-07-25,7,Jul,3,2023,40.67,1.686
Cardinal Goods,Brand C,Furniture,360.06,552.04,194,186,107095.76,69851.64,37244.12,2023-09-04,9,Sep,3,2023,34.78,1.533
Icon Wholesale,Brand I,Office Supplies,476.71,1149.55,75,306,86216.25,35753.25,50463.0,2023-01-12,1,Jan,1,2023,58.53,2.411
Delta Traders,Brand D,Sporting Goods,121.1,220.64,169,433,37288.16,20465.9,16822.26,2023-03-08,3,Mar,1,2023,45.11,1.822
Apex Supplies,Brand A,Health & Beauty,440.88,791.89,195,131,154418.55,85971.6,68446.95,2023-05-30,5,May,2,2023,44.33,1.796
Delta Traders,Brand D,Food & Beverage,406.31,548.43,29,359,15904.47,11782.99,4121.48,2023-10-02,10,Oct,4,2023,25.91,1.35
Apex Supplies,Brand A,Office Supplies,341.8,427.73,18,122,7699.14,6152.4,1546.74,2023-11-01,11,Nov,4,2023,20.09,1.251
Eagle Exports,Brand E,Food & Beverage,316.26,720.74,20,47,14414.8,6325.2,8089.6,2023-12-17,12,Dec,4,2023,56.12,2.279
Delta Traders,Brand D,Furniture,165.11,323.58,14,287,4530.12,2311.54,2218.58,2023-07-10,7,Jul,3,2023,48.97,1.96
Heritage Inc.,Brand H,Sporting Goods,410.04,638.09,162,375,103370.58,66426.48,36944.1,2023-04-09,4,Apr,2,2023,35.74,1.556
Heritage Inc.,Brand H,Sporting Goods,255.74,349.96,177,178,61942.92,45265.98,16676.94,2023-07-17,7,Jul,3,2023,26.92,1.368
Global Mart,Brand G,Office Supplies,44.74,84.01,54,179,4536.54,2415.96,2120.58,2023-03-31,3,Mar,1,2023,46.74,1.878
Cardinal Goods,Brand C,Health & Beauty,163.3,313.13,31,98,9707.03,5062.3,4644.73,2023-08-24,8,Aug,3,2023,47.85,1.918
Apex Supplies,Brand A,Health & Beauty,468.3,650.84,58,329,37748.72,27161.4,10587.32,2023-02-11,2,Feb,1,2023,28.05,1.39
Apex Supplies,Brand A,Sporting Goods,426.83,978.28,104,33,101741.12,44390.32,57350.8,2023-07-09,7,Jul,3,2023,56.37,2.292
Cardinal Goods,Brand C,Health & Beauty,491.13,598.18,170,419,101690.6,83492.1,18198.5,2023-01-01,1,Jan,1,2023,17.9,1.218
FairWay Corp.,Brand F,Sporting Goods,317.72,507.89,186,69,94467.54,59095.92,35371.62,2023-09-20,9,Sep,3,2023,37.44,1.599
Global Mart,Brand G,Office Supplies,131.28,269.46,128,170,34490.88,16803.84,17687.04,2023-11-16,11,Nov,4,2023,51.28,2.053
FairWay Corp.,Brand F,Clothing,89.78,133.21,158,365,21047.18,14185.24,6861.94,2023-06-15,6,Jun,2,2023,32.6,1.484
FairWay Corp.,Brand F,Sporting Goods,101.59,229.47,25,271,5736.75,2539.75,3197.0,2023-02-25,2,Feb,1,2023,55.73,2.259
FairWay Corp.,Brand F,Food & Beverage,19.7,42.08,191,58,8037.28,3762.7,4274.58,2023-03-20,3,Mar,1,2023,53.18,2.136
Cardinal Goods,Brand C,Health & Beauty,201.43,444.08,19,180,8437.52,3827.17,4610.35,2023-01-25,1,Jan,1,2023,54.64,2.205
FairWay Corp.,Brand F,Sporting Goods,103.8,131.49,136,18,17882.64,14116.8,3765.84,2023-12-18,12,Dec,4,2023,21.06,1.267
Heritage Inc.,Brand H,Sporting Goods,211.71,274.54,3,225,823.62,635.13,188.49,2023-12-25,12,Dec,4,2023,22.89,1.297
Blue Ridge Co.,Brand B,Office Supplies,468.15,702.72,195,472,137030.4,91289.25,45741.15,2023-04-04,4,Apr,2,2023,33.38,1.501
Eagle Exports,Brand E,Health & Beauty,220.96,403.32,86,94,34685.52,19002.56,15682.96,2023-02-04,2,Feb,1,2023,45.21,1.825
Apex Supplies,Brand A,Clothing,440.21,945.23,145,368,137058.35,63830.45,73227.9,2023-10-20,10,Oct,4,2023,53.43,2.147
Apex Supplies,Brand A,Office Supplies,306.7,696.56,142,296,98911.52,43551.4,55360.12,2023-09-19,9,Sep,3,2023,55.97,2.271
Eagle Exports,Brand E,Clothing,131.09,273.46,9,80,2461.14,1179.81,1281.33,2023-06-08,6,Jun,2,2023,52.06,2.086
Cardinal Goods,Brand C,Office Supplies,184.37,442.49,190,174,84073.1,35030.3,49042.8,2023-07-27,7,Jul,3,2023,58.33,2.4
Delta Traders,Brand D,Health & Beauty,51.12,109.1,94,221,10255.4,4805.28,5450.12,2023-05-02,5,May,2,2023,53.14,2.134
Cardinal Goods,Brand C,Electronics,173.4,265.09,149,102,39498.41,25836.6,13661.81,2023-02-07,2,Feb,1,2023,34.59,1.529
Apex Supplies,Brand A,Health & Beauty,342.0,503.12,165,53,83014.8,56430.0,26584.8,2023-06-23,6,Jun,2,2023,32.02,1.471
Apex Supplies,Brand A,Health & Beauty,45.33,94.04,139,182,13071.56,6300.87,6770.69,2023-07-12,7,Jul,3,2023,51.8,2.075
Eagle Exports,Brand E,Clothing,110.65,151.59,20,350,3031.8,2213.0,818.8,2023-04-28,4,Apr,2,2023,27.01,1.37
FairWay Corp.,Brand F,Clothing,196.91,242.16,35,402,8475.6,6891.85,1583.75,2023-09-02,9,Sep,3,2023,18.69,1.23
Cardinal Goods,Brand C,Health & Beauty,491.2,906.32,53,317,48034.96,26033.6,22001.36,2023-01-22,1,Jan,1,2023,45.8,1.845
Icon Wholesale,Brand I,Health & Beauty,394.58,887.92,175,354,155386.0,69051.5,86334.5,2023-04-24,4,Apr,2,2023,55.56,2.25
Eagle Exports,Brand E,Health & Beauty,369.41,458.78,110,348,50465.8,40635.1,9830.7,2023-04-06,4,Apr,2,2023,19.48,1.242
Heritage Inc.,Brand H,Clothing,66.93,147.82,180,442,26607.6,12047.4,14560.2,2023-10-20,10,Oct,4,2023,54.72,2.209
Apex Supplies,Brand A,Health & Beauty,392.69,878.13,136,320,119425.68,53405.84,66019.84,2023-12-23,12,Dec,4,2023,55.28,2.236
Eagle Exports,Brand E,Health & Beauty,394.78,700.81,4,67,2803.24,1579.12,1224.12,2023-12-07,12,Dec,4,2023,43.67,1.775
Cardinal Goods,Brand C,Furniture,304.54,359.43,155,27,55711.65,47203.7,8507.95,2023-05-20,5,May,2,2023,15.27,1.18
Apex Supplies,Brand A,Electronics,495.28,665.87,172,273,114529.64,85188.16,29341.48,2023-07-22,7,Jul,3,2023,25.62,1.344
Delta Traders,Brand D,Food & Beverage,169.37,354.05,168,281,59480.4,28454.16,31026.24,2023-04-04,4,Apr,2,2023,52.16,2.09
Eagle Exports,Brand E,Electronics,471.22,987.91,102,359,100766.82,48064.44,52702.38,2023-01-09,1,Jan,1,2023,52.3,2.096
Global Mart,Brand G,Furniture,458.22,1080.34,47,402,50775.98,21536.34,29239.64,2023-05-21,5,May,2,2023,57.59,2.358
Apex Supplies,Brand A,Food & Beverage,15.63,29.94,94,310,2814.36,1469.22,1345.14,2023-05-15,5,May,2,2023,47.8,1.916
Cardinal Goods,Brand C,Office Supplies,230.56,293.68,172,118,50512.96,39656.32,10856.64,2023-12-27,12,Dec,4,2023,21.49,1.274
Blue Ridge Co.,Brand B,Health & Beauty,488.78,620.74,48,379,29795.52,23461.44,6334.08,2023-11-09,11,Nov,4,2023,21.26,1.27
Icon Wholesale,Brand I,Furniture,60.53,127.69,91,440,11619.79,5508.23,6111.56,2023-04-05,4,Apr,2,2023,52.6,2.11
Junction LLC,Brand J,Office Supplies,278.41,377.89,180,133,68020.2,50113.8,17906.4,2023-08-26,8,Aug,3,2023,26.33,1.357
FairWay Corp.,Brand F,Health & Beauty,489.69,763.79,84,128,64158.36,41133.96,23024.4,2023-09-12,9,Sep,3,2023,35.89,1.56
Junction LLC,Brand J,Clothing,282.19,502.89,68,7,34196.52,19188.92,15007.6,2023-10-30,10,Oct,4,2023,43.89,1.782
Cardinal Goods,Brand C,Sporting Goods,103.01,116.88,139,480,16246.32,14318.39,1927.93,2023-01-25,1,Jan,1,2023,11.87,1.135
Heritage Inc.,Brand H,Furniture,295.27,427.65,125,50,53456.25,36908.75,16547.5,2023-11-04,11,Nov,4,2023,30.96,1.448
Heritage Inc.,Brand H,Clothing,110.18,184.12,73,490,13440.76,8043.14,5397.62,2023-02-14,2,Feb,1,2023,40.16,1.671
Blue Ridge Co.,Brand B,Furniture,264.66,394.74,4,340,1578.96,1058.64,520.32,2023-11-02,11,Nov,4,2023,32.95,1.491
FairWay Corp.,Brand F,Furniture,46.28,59.74,76,471,4540.24,3517.28,1022.96,2023-09-02,9,Sep,3,2023,22.53,1.291
Global Mart,Brand G,Clothing,306.69,649.94,73,280,47445.62,22388.37,25057.25,2023-03-21,3,Mar,1,2023,52.81,2.119
Blue Ridge Co.,Brand B,Food & Beverage,263.23,589.22,77,174,45369.94,20268.71,25101.23,2023-08-07,8,Aug,3,2023,55.33,2.238
Junction LLC,Brand J,Electronics,372.68,544.29,48,182,26125.92,17888.64,8237.28,2023-12-05,12,Dec,4,2023,31.53,1.46
Blue Ridge Co.,Brand B,Health & Beauty,319.04,696.84,154,191,107313.36,49132.16,58181.2,2023-05-05,5,May,2,2023,54.22,2.184
Junction LLC,Brand J,Furniture,279.31,458.01,102,248,46717.02,28489.62,18227.4,2023-04-17,4,Apr,2,2023,39.02,1.64
Apex Supplies,Brand A,Health & Beauty,347.99,629.64,106,234,66741.84,36886.94,29854.9,2023-03-05,3,Mar,1,2023,44.73,1.809
Heritage Inc.,Brand H,Sporting Goods,80.53,185.09,77,82,14251.93,6200.81,8051.12,2023-01-26,1,Jan,1,2023,56.49,2.298
Apex Supplies,Brand A,Clothing,301.73,648.7,39,92,25299.3,11767.47,13531.83,2023-06-25,6,Jun,2,2023,53.49,2.15
Icon Wholesale,Brand I,Health & Beauty,94.33,210.09,58,372,12185.22,5471.14,6714.08,2023-05-27,5,May,2,2023,55.1,2.227
FairWay Corp.,Brand F,Clothing,463.51,598.66,19,393,11374.54,8806.69,2567.85,2023-09-16,9,Sep,3,2023,22.58,1.292
Global Mart,Brand G,Health & Beauty,43.48,52.07,88,311,4582.16,3826.24,755.92,2023-10-27,10,Oct,4,2023,16.5,1.198
Junction LLC,Brand J,Electronics,220.88,519.24,113,267,58674.12,24959.44,33714.68,2023-05-11,5,May,2,2023,57.46,2.351
Global Mart,Brand G,Electronics,350.94,576.58,77,416,44396.66,27022.38,17374.28,2023-04-27,4,Apr,2,2023,39.13,1.643
Junction LLC,Brand J,Electronics,234.43,352.36,77,119,27131.72,18051.11,9080.61,2023-09-11,9,Sep,3,2023,33.47,1.503
Cardinal Goods,Brand C,Electronics,55.13,116.58,186,70,21683.88,10254.18,11429.7,2023-04-02,4,Apr,2,2023,52.71,2.115
Blue Ridge Co.,Brand B,Electronics,281.16,638.51,28,16,17878.28,7872.48,10005.8,2023-10-27,10,Oct,4,2023,55.97,2.271
Icon Wholesale,Brand I,Electronics,324.4,748.55,66,252,49404.3,21410.4,27993.9,2023-03-09,3,Mar,1,2023,56.66,2.307
Heritage Inc.,Brand H,Clothing,354.86,547.33,10,444,5473.3,3548.6,1924.7,2023-10-19,10,Oct,4,2023,35.17,1.542
Junction LLC,Brand J,Furniture,192.9,442.34,126,121,55734.84,24305.4,31429.44,2023-09-13,9,Sep,3,2023,56.39,2.293
Global Mart,Brand G,Health & Beauty,286.19,331.21,58,379,19210.18,16599.02,2611.16,2023-07-21,7,Jul,3,2023,13.59,1.157
Icon Wholesale,Brand I,Electronics,230.84,269.97,142,9,38335.74,32779.28,5556.46,2023-05-24,5,May,2,2023,14.49,1.17
Delta Traders,Brand D,Clothing,339.31,669.43,125,286,83678.75,42413.75,41265.0,2023-05-15,5,May,2,2023,49.31,1.973
Delta Traders,Brand D,Clothing,295.94,351.68,112,315,39388.16,33145.28,6242.88,2023-09-28,9,Sep,3,2023,15.85,1.188
Apex Supplies,Brand A,Clothing,267.62,416.0,84,325,34944.0,22480.08,12463.92,2023-06-22,6,Jun,2,2023,35.67,1.554
Heritage Inc.,Brand H,Furniture,132.27,270.08,143,272,38621.44,18914.61,19706.83,2023-09-03,9,Sep,3,2023,51.03,2.042
Cardinal Goods,Brand C,Health & Beauty,10.99,17.28,96,305,1658.88,1055.04,603.84,2023-04-05,4,Apr,2,2023,36.4,1.572
Global Mart,Brand G,Furniture,95.3,128.79,33,292,4250.07,3144.9,1105.17,2023-03-30,3,Mar,1,2023,26.0,1.351
Blue Ridge Co.,Brand B,Food & Beverage,67.36,100.63,145,209,14591.35,9767.2,4824.15,2023-12-22,12,Dec,4,2023,33.06,1.494
Blue Ridge Co.,Brand B,Office Supplies,230.05,400.43,152,445,60865.36,34967.6,25897.76,2023-03-14,3,Mar,1,2023,42.55,1.741
Global Mart,Brand G,Clothing,310.01,547.34,158,217,86479.72,48981.58,37498.14,2023-06-12,6,Jun,2,2023,43.36,1.766
FairWay Corp.,Brand F,Food & Beverage,114.41,251.27,190,240,47741.3,21737.9,26003.4,2023-03-06,3,Mar,1,2023,54.47,2.196
Cardinal Goods,Brand C,Sporting Goods,470.14,1010.9,141,373,142536.9,66289.74,76247.16,2023-06-22,6,Jun,2,2023,53.49,2.15
Icon Wholesale,Brand I,Electronics,13.27,23.08,190,463,4385.2,2521.3,1863.9,2023-02-22,2,Feb,1,2023,42.5,1.739
Junction LLC,Brand J,Office Supplies,388.43,887.15,47,199,41696.05,18256.21,23439.84,2023-09-27,9,Sep,3,2023,56.22,2.284
FairWay Corp.,Brand F,Electronics,316.35,398.58,112,215,44640.96,35431.2,9209.76,2023-10-27,10,Oct,4,2023,20.63,1.26
Junction LLC,Brand J,Furniture,193.04,281.35,144,204,40514.4,27797.76,12716.64,2023-07-01,7,Jul,3,2023,31.39,1.457
Junction LLC,Brand J,Office Supplies,34.74,78.48,194,412,15225.12,6739.56,8485.56,2023-04-08,4,Apr,2,2023,55.73,2.259
FairWay Corp.,Brand F,Health & Beauty,317.47,517.22,43,415,22240.46,13651.21,8589.25,2023-08-28,8,Aug,3,2023,38.62,1.629
Apex Supplies,Brand A,Food & Beverage,198.95,492.13,8,215,3937.04,1591.6,2345.44,2023-06-04,6,Jun,2,2023,59.57,2.474
Delta Traders,Brand D,Health & Beauty,468.77,821.64,3,79,2464.92,1406.31,1058.61,2023-06-02,6,Jun,2,2023,42.95,1.753
Junction LLC,Brand J,Furniture,275.58,608.68,125,266,76085.0,34447.5,41637.5,2023-01-31,1,Jan,1,2023,54.72,2.209
FairWay Corp.,Brand F,Electronics,470.43,782.43,12,479,9389.16,5645.16,3744.0,2023-06-22,6,Jun,2,2023,39.88,1.663
FairWay Corp.,Brand F,Office Supplies,118.04,200.07,84,389,16805.88,9915.36,6890.52,2023-04-23,4,Apr,2,2023,41.0,1.695
Eagle Exports,Brand E,Health & Beauty,365.61,598.15,16,378,9570.4,5849.76,3720.64,2023-03-19,3,Mar,1,2023,38.88,1.636
Apex Supplies,Brand A,Health & Beauty,312.45,658.24,78,34,51342.72,24371.1,26971.62,2023-11-11,11,Nov,4,2023,52.53,2.107
Heritage Inc.,Brand H,Electronics,372.31,694.93,59,288,41000.87,21966.29,19034.58,2023-03-31,3,Mar,1,2023,46.42,1.867
Eagle Exports,Brand E,Office Supplies,115.19,278.91,177,17,49367.07,20388.63,28978.44,2023-03-06,3,Mar,1,2023,58.7,2.421
Eagle Exports,Brand E,Food & Beverage,335.85,487.4,63,164,30706.2,21158.55,9547.65,2023-02-05,2,Feb,1,2023,31.09,1.451
Global Mart,Brand G,Electronics,254.04,315.21,190,12,59889.9,48267.6,11622.3,2023-04-10,4,Apr,2,2023,19.41,1.241
Delta Traders,Brand D,Health & Beauty,373.98,617.28,49,201,30246.72,18325.02,11921.7,2023-05-11,5,May,2,2023,39.41,1.651
FairWay Corp.,Brand F,Food & Beverage,170.25,334.27,51,228,17047.77,8682.75,8365.02,2023-05-30,5,May,2,2023,49.07,1.963
Delta Traders,Brand D,Food & Beverage,446.13,1028.38,33,345,33936.54,14722.29,19214.25,2023-06-19,6,Jun,2,2023,56.62,2.305
Cardinal Goods,Brand C,Electronics,51.31,81.31,30,365,2439.3,1539.3,900.0,2023-11-09,11,Nov,4,2023,36.9,1.585
Global Mart,Brand G,Health & Beauty,405.52,817.25,187,464,152825.75,75832.24,76993.51,2023-07-02,7,Jul,3,2023,50.38,2.015
Heritage Inc.,Brand H,Furniture,432.05,687.08,76,447,52218.08,32835.8,19382.28,2023-04-30,4,Apr,2,2023,37.12,1.59
Delta Traders,Brand D,Health & Beauty,410.45,806.17,15,0,12092.55,6156.75,5935.8,2023-06-20,6,Jun,2,2023,49.09,1.964
Blue Ridge Co.,Brand B,Clothing,261.24,610.97,82,318,50099.54,21421.68,28677.86,2023-05-22,5,May,2,2023,57.24,2.339
Junction LLC,Brand J,Office Supplies,224.81,320.11,92,216,29450.12,20682.52,8767.6,2023-01-02,1,Jan,1,2023,29.77,1.424
Cardinal Goods,Brand C,Sporting Goods,498.17,829.92,23,33,19088.16,11457.91,7630.25,2023-10-20,10,Oct,4,2023,39.97,1.666
Apex Supplies,Brand A,Furniture,122.29,304.57,94,358,28629.58,11495.26,17134.32,2023-08-21,8,Aug,3,2023,59.85,2.491
Heritage Inc.,Brand H,Food & Beverage,277.97,643.77,45,265,28969.65,12508.65,16461.0,2023-03-13,3,Mar,1,2023,56.82,2.316
Cardinal Goods,Brand C,Furniture,338.63,640.18,62,127,39691.16,20995.06,18696.1,2023-05-13,5,May,2,2023,47.1,1.89
Junction LLC,Brand J,Office Supplies,353.43,644.4,199,211,128235.6,70332.57,57903.03,2023-11-30,11,Nov,4,2023,45.15,1.823
Global Mart,Brand G,Food & Beverage,109.97,164.78,15,262,2471.7,1649.55,822.15,2023-03-16,3,Mar,1,2023,33.26,1.498
Junction LLC,Brand J,Office Supplies,330.46,602.79,46,311,27728.34,15201.16,12527.18,2023-03-07,3,Mar,1,2023,45.18,1.824
Eagle Exports,Brand E,Food & Beverage,411.0,940.14,64,79,60168.96,26304.0,33864.96,2023-08-22,8,Aug,3,2023,56.28,2.287
Junction LLC,Brand J,Furniture,34.51,71.06,174,164,12364.44,6004.74,6359.7,2023-07-06,7,Jul,3,2023,51.44,2.059
Eagle Exports,Brand E,Food & Beverage,456.65,687.74,184,412,126544.16,84023.6,42520.56,2023-01-16,1,Jan,1,2023,33.6,1.506
Global Mart,Brand G,Food & Beverage,24.46,33.8,172,251,5813.6,4207.12,1606.48,2023-01-29,1,Jan,1,2023,27.63,1.382
Icon Wholesale,Brand I,Clothing,184.43,271.35,75,11,20351.25,13832.25,6519.0,2023-11-04,11,Nov,4,2023,32.03,1.471
Eagle Exports,Brand E,Health & Beauty,17.75,23.74,157,400,3727.18,2786.75,940.43,2023-08-07,8,Aug,3,2023,25.23,1.337
Apex Supplies,Brand A,Health & Beauty,47.8,58.98,190,303,11206.2,9082.0,2124.2,2023-05-09,5,May,2,2023,18.96,1.234
Junction LLC,Brand J,Sporting Goods,456.47,769.97,52,211,40038.44,23736.44,16302.0,2023-12-24,12,Dec,4,2023,40.72,1.687
Junction LLC,Brand J,Sporting Goods,183.88,231.43,182,281,42120.26,33466.16,8654.1,2023-03-27,3,Mar,1,2023,20.55,1.259
Apex Supplies,Brand A,Clothing,218.14,292.46,88,111,25736.48,19196.32,6540.16,2023-04-23,4,Apr,2,2023,25.41,1.341
Blue Ridge Co.,Brand B,Sporting Goods,115.52,215.59,57,210,12288.63,6584.64,5703.99,2023-09-21,9,Sep,3,2023,46.42,1.866
FairWay Corp.,Brand F,Office Supplies,302.58,402.56,83,377,33412.48,25114.14,8298.34,2023-01-25,1,Jan,1,2023,24.84,1.33
Icon Wholesale,Brand I,Furniture,301.45,358.55,66,238,23664.3,19895.7,3768.6,2023-05-24,5,May,2,2023,15.93,1.189
Heritage Inc.,Brand H,Electronics,192.38,297.1,150,267,44565.0,28857.0,15708.0,2023-06-14,6,Jun,2,2023,35.25,1.544
Eagle Exports,Brand E,Office Supplies,173.19,243.93,20,404,4878.6,3463.8,1414.8,2023-06-07,6,Jun,2,2023,29.0,1.408
Apex Supplies,Brand A,Electronics,443.63,808.04,33,297,26665.32,14639.79,12025.53,2023-09-13,9,Sep,3,2023,45.1,1.821
Global Mart,Brand G,Electronics,197.81,245.94,72,316,17707.68,14242.32,3465.36,2023-05-02,5,May,2,2023,19.57,1.243
Eagle Exports,Brand E,Clothing,251.82,542.04,25,57,13551.0,6295.5,7255.5,2023-02-20,2,Feb,1,2023,53.54,2.152
FairWay Corp.,Brand F,Office Supplies,148.82,352.51,46,437,16215.46,6845.72,9369.74,2023-08-18,8,Aug,3,2023,57.78,2.369
Global Mart,Brand G,Clothing,395.52,846.73,73,33,61811.29,28872.96,32938.33,2023-11-20,11,Nov,4,2023,53.29,2.141
Cardinal Goods,Brand C,Food & Beverage,204.75,377.96,98,262,37040.08,20065.5,16974.58,2023-06-10,6,Jun,2,2023,45.83,1.846
Junction LLC,Brand J,Electronics,261.67,603.13,57,364,34378.41,14915.19,19463.22,2023-01-03,1,Jan,1,2023,56.61,2.305
Cardinal Goods,Brand C,Furniture,134.15,278.08,87,34,24192.96,11671.05,12521.91,2023-03-04,3,Mar,1,2023,51.76,2.073
Eagle Exports,Brand E,Sporting Goods,493.95,550.64,133,270,73235.12,65695.35,7539.77,2023-01-07,1,Jan,1,2023,10.3,1.115
FairWay Corp.,Brand F,Furniture,152.83,252.43,55,448,13883.65,8405.65,5478.0,2023-04-12,4,Apr,2,2023,39.46,1.652
Icon Wholesale,Brand I,Sporting Goods,387.66,888.26,61,473,54183.86,23647.26,30536.6,2023-08-14,8,Aug,3,2023,56.36,2.291
Eagle Exports,Brand E,Electronics,219.47,347.68,89,226,30943.52,19532.83,11410.69,2023-09-19,9,Sep,3,2023,36.88,1.584
Apex Supplies,Brand A,Electronics,111.05,127.63,8,24,1021.04,888.4,132.64,2023-03-15,3,Mar,1,2023,12.99,1.149
Delta Traders,Brand D,Electronics,401.86,861.85,16,233,13789.6,6429.76,7359.84,2023-10-04,10,Oct,4,2023,53.37,2.145
Eagle Exports,Brand E,Clothing,173.47,385.6,176,58,67865.6,30530.72,37334.88,2023-04-30,4,Apr,2,2023,55.01,2.223
Junction LLC,Brand J,Office Supplies,433.94,574.9,116,250,66688.4,50337.04,16351.36,2023-01-29,1,Jan,1,2023,24.52,1.325
Junction LLC,Brand J,Sporting Goods,458.48,849.23,61,334,51803.03,27967.28,23835.75,2023-06-23,6,Jun,2,2023,46.01,1.852
Eagle Exports,Brand E,Office Supplies,431.31,590.35,15,85,8855.25,6469.65,2385.6,2023-10-30,10,Oct,4,2023,26.94,1.369
Global Mart,Brand G,Clothing,27.15,57.2,193,250,11039.6,5239.95,5799.65,2023-07-26,7,Jul,3,2023,52.53,2.107
Delta Traders,Brand D,Clothing,395.81,585.87,150,389,87880.5,59371.5,28509.0,2023-04-10,4,Apr,2,2023,32.44,1.48
Apex Supplies,Brand A,Health & Beauty,211.56,326.37,131,179,42754.47,27714.36,15040.11,2023-11-26,11,Nov,4,2023,35.18,1.543
Eagle Exports,Brand E,Furniture,438.12,1000.21,102,206,102021.42,44688.24,57333.18,2023-10-10,10,Oct,4,2023,56.2,2.283
Global Mart,Brand G,Furniture,322.6,569.99,54,343,30779.46,17420.4,13359.06,2023-06-29,6,Jun,2,2023,43.4,1.767
Junction LLC,Brand J,Food & Beverage,418.49,852.74,14,148,11938.36,5858.86,6079.5,2023-09-07,9,Sep,3,2023,50.92,2.038
Junction LLC,Brand J,Clothing,254.72,423.68,36,70,15252.48,9169.92,6082.56,2023-11-18,11,Nov,4,2023,39.88,1.663
FairWay Corp.,Brand F,Sporting Goods,272.16,412.92,105,120,43356.6,28576.8,14779.8,2023-12-04,12,Dec,4,2023,34.09,1.517
Eagle Exports,Brand E,Health & Beauty,80.75,159.54,82,252,13082.28,6621.5,6460.78,2023-10-30,10,Oct,4,2023,49.39,1.976
Delta Traders,Brand D,Health & Beauty,394.15,519.02,67,92,34774.34,26408.05,8366.29,2023-02-20,2,Feb,1,2023,24.06,1.317
Blue Ridge Co.,Brand B,Office Supplies,215.5,349.58,10,255,3495.8,2155.0,1340.8,2023-03-29,3,Mar,1,2023,38.35,1.622
Delta Traders,Brand D,Furniture,255.04,355.18,49,253,17403.82,12496.96,4906.86,2023-01-21,1,Jan,1,2023,28.19,1.393
Junction LLC,Brand J,Clothing,394.7,818.65,111,351,90870.15,43811.7,47058.45,2023-10-30,10,Oct,4,2023,51.79,2.074
Junction LLC,Brand J,Food & Beverage,303.43,734.87,65,287,47766.55,19722.95,28043.6,2023-12-21,12,Dec,4,2023,58.71,2.422
Cardinal Goods,Brand C,Clothing,108.54,270.67,57,308,15428.19,6186.78,9241.41,2023-03-20,3,Mar,1,2023,59.9,2.494
Junction LLC,Brand J,Office Supplies,299.21,517.75,27,58,13979.25,8078.67,5900.58,2023-04-09,4,Apr,2,2023,42.21,1.73
Apex Supplies,Brand A,Electronics,209.74,304.87,113,68,34450.31,23700.62,10749.69,2023-07-27,7,Jul,3,2023,31.2,1.454
Heritage Inc.,Brand H,Clothing,240.07,412.91,133,445,54917.03,31929.31,22987.72,2023-07-22,7,Jul,3,2023,41.86,1.72
Eagle Exports,Brand E,Office Supplies,23.87,54.57,71,387,3874.47,1694.77,2179.7,2023-08-13,8,Aug,3,2023,56.26,2.286
Delta Traders,Brand D,Electronics,112.91,156.77,83,85,13011.91,9371.53,3640.38,2023-10-14,10,Oct,4,2023,27.98,1.388
Heritage Inc.,Brand H,Electronics,147.71,359.37,57,273,20484.09,8419.47,12064.62,2023-10-22,10,Oct,4,2023,58.9,2.433
Global Mart,Brand G,Food & Beverage,359.35,567.27,120,226,68072.4,43122.0,24950.4,2023-10-12,10,Oct,4,2023,36.65,1.579
Blue Ridge Co.,Brand B,Sporting Goods,15.63,38.76,93,80,3604.68,1453.59,2151.09,2023-11-16,11,Nov,4,2023,59.67,2.48
Apex Supplies,Brand A,Furniture,210.3,478.23,15,497,7173.45,3154.5,4018.95,2023-03-07,3,Mar,1,2023,56.03,2.274
Delta Traders,Brand D,Clothing,462.77,1032.9,111,113,114651.9,51367.47,63284.43,2023-10-02,10,Oct,4,2023,55.2,2.232
Heritage Inc.,Brand H,Electronics,64.82,100.15,101,183,10115.15,6546.82,3568.33,2023-03-09,3,Mar,1,2023,35.28,1.545
Blue Ridge Co.,Brand B,Clothing,263.05,292.59,119,279,34818.21,31302.95,3515.26,2023-08-14,8,Aug,3,2023,10.1,1.112
Cardinal Goods,Brand C,Sporting Goods,395.4,646.47,76,321,49131.72,30050.4,19081.32,2023-11-16,11,Nov,4,2023,38.84,1.635
Apex Supplies,Brand A,Furniture,471.84,718.39,158,396,113505.62,74550.72,38954.9,2023-07-09,7,Jul,3,2023,34.32,1.523
Apex Supplies,Brand A,Sporting Goods,375.92,433.19,20,317,8663.8,7518.4,1145.4,2023-06-23,6,Jun,2,2023,13.22,1.152
Cardinal Goods,Brand C,Furniture,363.08,656.27,165,53,108284.55,59908.2,48376.35,2023-02-16,2,Feb,1,2023,44.68,1.808
Eagle Exports,Brand E,Health & Beauty,414.98,690.63,131,398,90472.53,54362.38,36110.15,2023-05-22,5,May,2,2023,39.91,1.664
Cardinal Goods,Brand C,Furniture,228.64,454.62,73,196,33187.26,16690.72,16496.54,2023-09-28,9,Sep,3,2023,49.71,1.988
Apex Supplies,Brand A,Food & Beverage,404.86,797.44,122,386,97287.68,49392.92,47894.76,2023-01-22,1,Jan,1,2023,49.23,1.97
Apex Supplies,Brand A,Sporting Goods,13.9,17.64,41,292,723.24,569.9,153.34,2023-06-27,6,Jun,2,2023,21.2,1.269
Heritage Inc.,Brand H,Electronics,463.03,1142.64,167,292,190820.88,77326.01,113494.87,2023-06-16,6,Jun,2,2023,59.48,2.468
Junction LLC,Brand J,Health & Beauty,227.22,309.41,154,484,47649.14,34991.88,12657.26,2023-07-29,7,Jul,3,2023,26.56,1.362
Blue Ridge Co.,Brand B,Food & Beverage,281.16,484.55,130,386,62991.5,36550.8,26440.7,2023-05-12,5,May,2,2023,41.98,1.723
Cardinal Goods,Brand C,Clothing,134.89,240.56,23,446,5532.88,3102.47,2430.41,2023-04-06,4,Apr,2,2023,43.93,1.783
Blue Ridge Co.,Brand B,Sporting Goods,373.84,836.76,23,290,19245.48,8598.32,10647.16,2023-11-08,11,Nov,4,2023,55.32,2.238
Cardinal Goods,Brand C,Office Supplies,47.55,58.91,144,179,8483.04,6847.2,1635.84,2023-10-31,10,Oct,4,2023,19.28,1.239
Global Mart,Brand G,Office Supplies,437.59,743.95,9,470,6695.55,3938.31,2757.24,2023-02-28,2,Feb,1,2023,41.18,1.7
Apex Supplies,Brand A,Electronics,415.78,823.2,13,379,10701.6,5405.14,5296.46,2023-09-02,9,Sep,3,2023,49.49,1.98
Junction LLC,Brand J,Furniture,115.87,162.36,156,411,25328.16,18075.72,7252.44,2023-10-06,10,Oct,4,2023,28.63,1.401
Heritage Inc.,Brand H,Electronics,406.57,804.38,155,221,124678.9,63018.35,61660.55,2023-10-10,10,Oct,4,2023,49.46,1.978
Junction LLC,Brand J,Office Supplies,395.32,946.05,51,273,48248.55,20161.32,28087.23,2023-07-15,7,Jul,3,2023,58.21,2.393
Junction LLC,Brand J,Clothing,319.79,798.36,64,377,51095.04,20466.56,30628.48,2023-12-21,12,Dec,4,2023,59.94,2.497
Junction LLC,Brand J,Health & Beauty,193.02,221.09,52,243,11496.68,10037.04,1459.64,2023-10-20,10,Oct,4,2023,12.7,1.145
Blue Ridge Co.,Brand B,Health & Beauty,143.03,204.51,38,419,7771.38,5435.14,2336.24,2023-01-13,1,Jan,1,2023,30.06,1.43
Cardinal Goods,Brand C,Sporting Goods,123.57,189.61,100,416,18961.0,12357.0,6604.0,2023-03-13,3,Mar,1,2023,34.83,1.534
Icon Wholesale,Brand I,Health & Beauty,166.12,275.56,193,447,53183.08,32061.16,21121.92,2023-03-11,3,Mar,1,2023,39.72,1.659
Global Mart,Brand G,Sporting Goods,452.74,651.57,146,153,95129.22,66100.04,29029.18,2023-01-03,1,Jan,1,2023,30.52,1.439
Delta Traders,Brand D,Sporting Goods,48.04,66.53,191,303,12707.23,9175.64,3531.59,2023-09-24,9,Sep,3,2023,27.79,1.385
Junction LLC,Brand J,Sporting Goods,416.15,1013.9,51,423,51708.9,21223.65,30485.25,2023-06-03,6,Jun,2,2023,58.96,2.436
Eagle Exports,Brand E,Office Supplies,180.96,431.76,137,272,59151.12,24791.52,34359.6,2023-06-08,6,Jun,2,2023,58.09,2.386
Blue Ridge Co.,Brand B,Office Supplies,265.58,309.61,141,423,43655.01,37446.78,6208.23,2023-04-14,4,Apr,2,2023,14.22,1.166
Heritage Inc.,Brand H,Furniture,399.3,628.63,168,134,105609.84,67082.4,38527.44,2023-10-26,10,Oct,4,2023,36.48,1.574
Delta Traders,Brand D,Food & Beverage,443.34,739.14,55,312,40652.7,24383.7,16269.0,2023-01-24,1,Jan,1,2023,40.02,1.667
Icon Wholesale,Brand I,Sporting Goods,178.94,256.71,109,7,27981.39,19504.46,8476.93,2023-10-16,10,Oct,4,2023,30.29,1.435
Eagle Exports,Brand E,Sporting Goods,236.3,467.97,171,127,80022.87,40407.3,39615.57,2023-08-20,8,Aug,3,2023,49.51,1.98
Icon Wholesale,Brand I,Food & Beverage,213.11,425.48,44,372,18721.12,9376.84,9344.28,2023-02-19,2,Feb,1,2023,49.91,1.997
Delta Traders,Brand D,Electronics,16.49,37.77,110,55,4154.7,1813.9,2340.8,2023-10-27,10,Oct,4,2023,56.34,2.29
Junction LLC,Brand J,Sporting Goods,155.01,331.29,196,125,64932.84,30381.96,34550.88,2023-12-22,12,Dec,4,2023,53.21,2.137
Eagle Exports,Brand E,Furniture,235.0,437.01,161,158,70358.61,37835.0,32523.61,2023-12-05,12,Dec,4,2023,46.23,1.86
Icon Wholesale,Brand I,Health & Beauty,211.44,426.06,152,58,64761.12,32138.88,32622.24,2023-12-07,12,Dec,4,2023,50.37,2.015
Heritage Inc.,Brand H,Health & Beauty,363.75,539.65,164,57,88502.6,59655.0,28847.6,2023-09-07,9,Sep,3,2023,32.6,1.484
Cardinal Goods,Brand C,Clothing,198.55,383.26,128,139,49057.28,25414.4,23642.88,2023-03-29,3,Mar,1,2023,48.19,1.93
Apex Supplies,Brand A,Clothing,249.79,445.85,105,175,46814.25,26227.95,20586.3,2023-04-10,4,Apr,2,2023,43.97,1.785
Cardinal Goods,Brand C,Health & Beauty,220.51,283.73,10,414,2837.3,2205.1,632.2,2023-03-06,3,Mar,1,2023,22.28,1.287
Delta Traders,Brand D,Health & Beauty,372.91,536.83,100,107,53683.0,37291.0,16392.0,2023-11-20,11,Nov,4,2023,30.53,1.44
Blue Ridge Co.,Brand B,Office Supplies,432.86,652.91,148,210,96630.68,64063.28,32567.4,2023-09-02,9,Sep,3,2023,33.7,1.508
Apex Supplies,Brand A,Furniture,270.63,647.9,109,446,70621.1,29498.67,41122.43,2023-10-29,10,Oct,4,2023,58.23,2.394
Global Mart,Brand G,Food & Beverage,396.82,564.49,108,73,60964.92,42856.56,18108.36,2023-07-15,7,Jul,3,2023,29.7,1.423
Heritage Inc.,Brand H,Clothing,155.43,233.91,140,166,32747.4,21760.2,10987.2,2023-07-08,7,Jul,3,2023,33.55,1.505
Global Mart,Brand G,Office Supplies,275.27,445.14,190,459,84576.6,52301.3,32275.3,2023-02-12,2,Feb,1,2023,38.16,1.617
Eagle Exports,Brand E,Office Supplies,179.16,363.56,146,403,53079.76,26157.36,26922.4,2023-01-07,1,Jan,1,2023,50.72,2.029
Apex Supplies,Brand A,Food & Beverage,212.96,269.51,94,356,25333.94,20018.24,5315.7,2023-03-17,3,Mar,1,2023,20.98,1.266
Global Mart,Brand G,Office Supplies,368.88,898.42,63,303,56600.46,23239.44,33361.02,2023-09-28,9,Sep,3,2023,58.94,2.436
Global Mart,Brand G,Furniture,442.01,1021.84,84,232,85834.56,37128.84,48705.72,2023-07-07,7,Jul,3,2023,56.74,2.312
Icon Wholesale,Brand I,Health & Beauty,69.53,132.67,25,326,3316.75,1738.25,1578.5,2023-01-08,1,Jan,1,2023,47.59,1.908
Cardinal Goods,Brand C,Sporting Goods,320.97,655.95,12,371,7871.4,3851.64,4019.76,2023-04-14,4,Apr,2,2023,51.07,2.044
Icon Wholesale,Brand I,Food & Beverage,295.25,331.66,149,181,49417.34,43992.25,5425.09,2023-10-15,10,Oct,4,2023,10.98,1.123
Apex Supplies,Brand A,Health & Beauty,68.02,107.1,25,121,2677.5,1700.5,977.0,2023-08-21,8,Aug,3,2023,36.49,1.575
Apex Supplies,Brand A,Health & Beauty,113.83,252.01,11,333,2772.11,1252.13,1519.98,2023-05-15,5,May,2,2023,54.83,2.214
Delta Traders,Brand D,Electronics,162.39,196.24,64,202,12559.36,10392.96,2166.4,2023-01-21,1,Jan,1,2023,17.25,1.208
Icon Wholesale,Brand I,Food & Beverage,91.8,137.26,126,454,17294.76,11566.8,5727.96,2023-11-19,11,Nov,4,2023,33.12,1.495
FairWay Corp.,Brand F,Office Supplies,129.43,248.43,50,28,12421.5,6471.5,5950.0,2023-03-14,3,Mar,1,2023,47.9,1.919
Cardinal Goods,Brand C,Sporting Goods,141.12,205.89,190,201,39119.1,26812.8,12306.3,2023-08-06,8,Aug,3,2023,31.46,1.459
Apex Supplies,Brand A,Food & Beverage,174.48,420.07,89,92,37386.23,15528.72,21857.51,2023-08-21,8,Aug,3,2023,58.46,2.408
Delta Traders,Brand D,Office Supplies,377.2,484.13,99,328,47928.87,37342.8,10586.07,2023-03-26,3,Mar,1,2023,22.09,1.283
Icon Wholesale,Brand I,Health & Beauty,290.24,643.27,116,355,74619.32,33667.84,40951.48,2023-12-22,12,Dec,4,2023,54.88,2.216
Cardinal Goods,Brand C,Sporting Goods,493.26,893.36,96,175,85762.56,47352.96,38409.6,2023-08-25,8,Aug,3,2023,44.79,1.811
Icon Wholesale,Brand I,Office Supplies,213.22,458.52,177,329,81158.04,37739.94,43418.1,2023-09-28,9,Sep,3,2023,53.5,2.15
Global Mart,Brand G,Furniture,379.39,582.36,14,210,8153.04,5311.46,2841.58,2023-06-04,6,Jun,2,2023,34.85,1.535
Delta Traders,Brand D,Office Supplies,437.02,795.5,1,183,795.5,437.02,358.48,2023-04-02,4,Apr,2,2023,45.06,1.82
Cardinal Goods,Brand C,Electronics,342.7,788.06,25,94,19701.5,8567.5,11134.0,2023-03-22,3,Mar,1,2023,56.51,2.3
Junction LLC,Brand J,Health & Beauty,211.81,371.44,187,272,69459.28,39608.47,29850.81,2023-01-13,1,Jan,1,2023,42.98,1.754
Eagle Exports,Brand E,Office Supplies,379.26,608.18,72,136,43788.96,27306.72,16482.24,2023-10-06,10,Oct,4,2023,37.64,1.604
Eagle Exports,Brand E,Clothing,109.8,203.2,69,236,14020.8,7576.2,6444.6,2023-03-01,3,Mar,1,2023,45.96,1.851
Cardinal Goods,Brand C,Clothing,170.5,358.78,133,352,47717.74,22676.5,25041.24,2023-11-18,11,Nov,4,2023,52.48,2.104
Icon Wholesale,Brand I,Electronics,277.88,478.23,105,417,50214.15,29177.4,21036.75,2023-01-13,1,Jan,1,2023,41.89,1.721
Delta Traders,Brand D,Furniture,291.95,704.89,147,428,103618.83,42916.65,60702.18,2023-02-25,2,Feb,1,2023,58.58,2.414
Eagle Exports,Brand E,Health & Beauty,20.85,31.54,23,471,725.42,479.55,245.87,2023-06-26,6,Jun,2,2023,33.89,1.513
Delta Traders,Brand D,Food & Beverage,473.11,835.35,9,264,7518.15,4257.99,3260.16,2023-03-29,3,Mar,1,2023,43.36,1.766
Eagle Exports,Brand E,Electronics,351.35,758.81,118,134,89539.58,41459.3,48080.28,2023-06-18,6,Jun,2,2023,53.7,2.16
Global Mart,Brand G,Furniture,252.89,522.16,94,143,49083.04,23771.66,25311.38,2023-10-14,10,Oct,4,2023,51.57,2.065
Icon Wholesale,Brand I,Food & Beverage,467.23,1078.88,178,18,192040.64,83166.94,108873.7,2023-09-20,9,Sep,3,2023,56.69,2.309
Global Mart,Brand G,Clothing,225.16,561.89,144,230,80912.16,32423.04,48489.12,2023-08-04,8,Aug,3,2023,59.93,2.496
Eagle Exports,Brand E,Clothing,490.41,832.52,33,133,27473.16,16183.53,11289.63,2023-01-27,1,Jan,1,2023,41.09,1.698
Junction LLC,Brand J,Food & Beverage,261.02,327.74,130,113,42606.2,33932.6,8673.6,2023-07-11,7,Jul,3,2023,20.36,1.256
Junction LLC,Brand J,Electronics,66.0,75.41,14,498,1055.74,924.0,131.74,2023-06-29,6,Jun,2,2023,12.48,1.143
Global Mart,Brand G,Clothing,384.75,814.76,1,138,814.76,384.75,430.01,2023-04-17,4,Apr,2,2023,52.78,2.118
Junction LLC,Brand J,Health & Beauty,342.66,796.21,90,124,71658.9,30839.4,40819.5,2023-02-14,2,Feb,1,2023,56.96,2.324
Eagle Exports,Brand E,Sporting Goods,388.76,547.76,186,203,101883.36,72309.36,29574.0,2023-07-24,7,Jul,3,2023,29.03,1.409
Cardinal Goods,Brand C,Office Supplies,476.21,629.47,89,60,56022.83,42382.69,13640.14,2023-05-08,5,May,2,2023,24.35,1.322
Global Mart,Brand G,Food & Beverage,390.48,463.53,144,249,66748.32,56229.12,10519.2,2023-01-18,1,Jan,1,2023,15.76,1.187
Blue Ridge Co.,Brand B,Food & Beverage,309.55,697.04,90,297,62733.6,27859.5,34874.1,2023-09-14,9,Sep,3,2023,55.59,2.252
Icon Wholesale,Brand I,Clothing,430.08,660.57,175,12,115599.75,75264.0,40335.75,2023-02-21,2,Feb,1,2023,34.89,1.536
Junction LLC,Brand J,Electronics,339.89,565.02,172,395,97183.44,58461.08,38722.36,2023-02-28,2,Feb,1,2023,39.84,1.662
Junction LLC,Brand J,Health & Beauty,209.98,378.77,14,254,5302.78,2939.72,2363.06,2023-09-16,9,Sep,3,2023,44.56,1.804
Apex Supplies,Brand A,Electronics,443.95,1010.09,152,84,153533.68,67480.4,86053.28,2023-08-25,8,Aug,3,2023,56.05,2.275
FairWay Corp.,Brand F,Furniture,118.73,238.79,111,457,26505.69,13179.03,13326.66,2023-04-07,4,Apr,2,2023,50.28,2.011
Global Mart,Brand G,Furniture,360.17,706.33,183,19,129258.39,65911.11,63347.28,2023-02-17,2,Feb,1,2023,49.01,1.961
Heritage Inc.,Brand H,Sporting Goods,441.97,594.87,143,49,85066.41,63201.71,21864.7,2023-10-26,10,Oct,4,2023,25.7,1.346
Junction LLC,Brand J,Clothing,368.35,669.83,83,163,55595.89,30573.05,25022.84,2023-04-16,4,Apr,2,2023,45.01,1.818
Icon Wholesale,Brand I,Clothing,351.66,739.03,72,91,53210.16,25319.52,27890.64,2023-10-30,10,Oct,4,2023,52.42,2.102
Blue Ridge Co.,Brand B,Clothing,378.79,932.8,162,87,151113.6,61363.98,89749.62,2023-08-28,8,Aug,3,2023,59.39,2.463
Junction LLC,Brand J,Sporting Goods,237.88,328.74,130,68,42736.2,30924.4,11811.8,2023-02-23,2,Feb,1,2023,27.64,1.382
Blue Ridge Co.,Brand B,Furniture,438.34,488.03,27,36,13176.81,11835.18,1341.63,2023-10-24,10,Oct,4,2023,10.18,1.113
Eagle Exports,Brand E,Electronics,109.68,132.21,74,252,9783.54,8116.32,1667.22,2023-03-13,3,Mar,1,2023,17.04,1.205
Eagle Exports,Brand E,Sporting Goods,72.42,117.77,99,251,11659.23,7169.58,4489.65,2023-04-04,4,Apr,2,2023,38.51,1.626
FairWay Corp.,Brand F,Sporting Goods,149.9,337.09,72,139,24270.48,10792.8,13477.68,2023-06-17,6,Jun,2,2023,55.53,2.249
Cardinal Goods,Brand C,Electronics,270.47,300.22,23,354,6905.06,6220.81,684.25,2023-05-28,5,May,2,2023,9.91,1.11
Heritage Inc.,Brand H,Clothing,260.18,452.56,68,380,30774.08,17692.24,13081.84,2023-08-08,8,Aug,3,2023,42.51,1.739
Apex Supplies,Brand A,Health & Beauty,412.09,643.24,142,167,91340.08,58516.78,32823.3,2023-06-17,6,Jun,2,2023,35.94,1.561
FairWay Corp.,Brand F,Electronics,208.24,244.36,191,53,46672.76,39773.84,6898.92,2023-05-07,5,May,2,2023,14.78,1.173
Delta Traders,Brand D,Furniture,247.33,427.96,117,385,50071.32,28937.61,21133.71,2023-02-12,2,Feb,1,2023,42.21,1.73
Apex Supplies,Brand A,Food & Beverage,16.55,24.11,106,177,2555.66,1754.3,801.36,2023-06-23,6,Jun,2,2023,31.36,1.457
Global Mart,Brand G,Food & Beverage,210.77,335.68,93,296,31218.24,19601.61,11616.63,2023-12-04,12,Dec,4,2023,37.21,1.593
Icon Wholesale,Brand I,Office Supplies,327.41,683.59,65,300,44433.35,21281.65,23151.7,2023-09-05,9,Sep,3,2023,52.1,2.088
Delta Traders,Brand D,Office Supplies,17.6,32.21,68,358,2190.28,1196.8,993.48,2023-07-07,7,Jul,3,2023,45.36,1.83
Delta Traders,Brand D,Sporting Goods,147.63,188.16,128,105,24084.48,18896.64,5187.84,2023-09-24,9,Sep,3,2023,21.54,1.275
FairWay Corp.,Brand F,Food & Beverage,111.9,273.71,63,136,17243.73,7049.7,10194.03,2023-12-24,12,Dec,4,2023,59.12,2.446
Cardinal Goods,Brand C,Health & Beauty,30.57,60.84,113,189,6874.92,3454.41,3420.51,2023-04-08,4,Apr,2,2023,49.75,1.99
FairWay Corp.,Brand F,Clothing,244.84,531.85,90,127,47866.5,22035.6,25830.9,2023-05-30,5,May,2,2023,53.96,2.172
Global Mart,Brand G,Furniture,99.04,119.93,81,341,9714.33,8022.24,1692.09,2023-11-03,11,Nov,4,2023,17.42,1.211
Junction LLC,Brand J,Office Supplies,374.11,436.17,103,46,44925.51,38533.33,6392.18,2023-07-22,7,Jul,3,2023,14.23,1.166
Junction LLC,Brand J,Health & Beauty,425.48,479.61,192,4,92085.12,81692.16,10392.96,2023-12-08,12,Dec,4,2023,11.29,1.127
Cardinal Goods,Brand C,Furniture,277.34,378.38,160,459,60540.8,44374.4,16166.4,2023-02-19,2,Feb,1,2023,26.7,1.364
Global Mart,Brand G,Furniture,491.04,825.03,116,256,95703.48,56960.64,38742.84,2023-12-05,12,Dec,4,2023,40.48,1.68
Cardinal Goods,Brand C,Clothing,230.73,556.1,13,299,7229.3,2999.49,4229.81,2023-07-07,7,Jul,3,2023,58.51,2.41
Blue Ridge Co.,Brand B,Sporting Goods,261.55,455.07,194,149,88283.58,50740.7,37542.88,2023-10-22,10,Oct,4,2023,42.53,1.74
Junction LLC,Brand J,Food & Beverage,494.72,745.23,124,293,92408.52,61345.28,31063.24,2023-12-16,12,Dec,4,2023,33.62,1.506
Delta Traders,Brand D,Clothing,123.46,232.93,147,242,34240.71,18148.62,16092.09,2023-08-15,8,Aug,3,2023,47.0,1.887
Heritage Inc.,Brand H,Health & Beauty,471.85,592.98,152,274,90132.96,71721.2,18411.76,2023-07-27,7,Jul,3,2023,20.43,1.257
Icon Wholesale,Brand I,Sporting Goods,30.99,60.53,88,207,5326.64,2727.12,2599.52,2023-04-18,4,Apr,2,2023,48.8,1.953
Global Mart,Brand G,Health & Beauty,228.73,433.63,11,414,4769.93,2516.03,2253.9,2023-06-27,6,Jun,2,2023,47.25,1.896
Apex Supplies,Brand A,Sporting Goods,44.3,97.85,187,114,18297.95,8284.1,10013.85,2023-10-20,10,Oct,4,2023,54.73,2.209
Cardinal Goods,Brand C,Office Supplies,367.33,911.48,15,194,13672.2,5509.95,8162.25,2023-01-21,1,Jan,1,2023,59.7,2.481
Icon Wholesale,Brand I,Health & Beauty,308.12,447.15,10,342,4471.5,3081.2,1390.3,2023-02-17,2,Feb,1,2023,31.09,1.451
Apex Supplies,Brand A,Clothing,356.25,646.07,41,169,26488.87,14606.25,11882.62,2023-08-30,8,Aug,3,2023,44.86,1.814
Icon Wholesale,Brand I,Sporting Goods,193.5,459.06,155,378,71154.3,29992.5,41161.8,2023-11-02,11,Nov,4,2023,57.85,2.372
Heritage Inc.,Brand H,Sporting Goods,191.05,420.17,188,81,78991.96,35917.4,43074.56,2023-09-21,9,Sep,3,2023,54.53,2.199
Apex Supplies,Brand A,Furniture,32.21,57.41,73,153,4190.93,2351.33,1839.6,2023-02-07,2,Feb,1,2023,43.89,1.782
FairWay Corp.,Brand F,Furniture,181.47,439.8,52,140,22869.6,9436.44,13433.16,2023-10-27,10,Oct,4,2023,58.74,2.424
Eagle Exports,Brand E,Electronics,465.35,549.17,128,313,70293.76,59564.8,10728.96,2023-02-24,2,Feb,1,2023,15.26,1.18
FairWay Corp.,Brand F,Health & Beauty,195.82,470.63,28,145,13177.64,5482.96,7694.68,2023-01-21,1,Jan,1,2023,58.39,2.403
Junction LLC,Brand J,Furniture,417.37,488.62,65,322,31760.3,27129.05,4631.25,2023-09-20,9,Sep,3,2023,14.58,1.171
Eagle Exports,Brand E,Electronics,422.74,788.93,17,121,13411.81,7186.58,6225.23,2023-10-15,10,Oct,4,2023,46.42,1.866
FairWay Corp.,Brand F,Office Supplies,192.89,452.64,95,251,43000.8,18324.55,24676.25,2023-12-09,12,Dec,4,2023,57.39,2.347
Eagle Exports,Brand E,Office Supplies,319.67,469.21,172,342,80704.12,54983.24,25720.88,2023-08-27,8,Aug,3,2023,31.87,1.468
Eagle Exports,Brand E,Furniture,56.73,99.91,138,386,13787.58,7828.74,5958.84,2023-10-30,10,Oct,4,2023,43.22,1.761
Delta Traders,Brand D,Health & Beauty,60.8,94.49,63,310,5952.87,3830.4,2122.47,2023-02-03,2,Feb,1,2023,35.65,1.554
Cardinal Goods,Brand C,Sporting Goods,33.84,82.33,175,88,14407.75,5922.0,8485.75,2023-11-18,11,Nov,4,2023,58.9,2.433
Cardinal Goods,Brand C,Food & Beverage,294.7,663.99,38,474,25231.62,11198.6,14033.02,2023-06-13,6,Jun,2,2023,55.62,2.253
Delta Traders,Brand D,Health & Beauty,218.77,457.8,70,57,32046.0,15313.9,16732.1,2023-02-10,2,Feb,1,2023,52.21,2.093
Icon Wholesale,Brand I,Clothing,278.54,535.54,104,491,55696.16,28968.16,26728.0,2023-12-10,12,Dec,4,2023,47.99,1.923
Blue Ridge Co.,Brand B,Office Supplies,265.33,596.68,53,62,31624.04,14062.49,17561.55,2023-09-25,9,Sep,3,2023,55.53,2.249
Icon Wholesale,Brand I,Furniture,181.6,299.49,172,346,51512.28,31235.2,20277.08,2023-07-27,7,Jul,3,2023,39.36,1.649
Apex Supplies,Brand A,Furniture,341.96,590.42,119,307,70259.98,40693.24,29566.74,2023-07-19,7,Jul,3,2023,42.08,1.727
Apex Supplies,Brand A,Sporting Goods,381.67,809.9,74,486,59932.6,28243.58,31689.02,2023-06-13,6,Jun,2,2023,52.87,2.122
Eagle Exports,Brand E,Clothing,17.17,27.49,54,472,1484.46,927.18,557.28,2023-07-19,7,Jul,3,2023,37.54,1.601
FairWay Corp.,Brand F,Sporting Goods,111.55,132.68,20,381,2653.6,2231.0,422.6,2023-04-24,4,Apr,2,2023,15.93,1.189
FairWay Corp.,Brand F,Clothing,359.49,432.85,79,279,34195.15,28399.71,5795.44,2023-03-19,3,Mar,1,2023,16.95,1.204
Cardinal Goods,Brand C,Food & Beverage,199.44,251.6,31,71,7799.6,6182.64,1616.96,2023-04-28,4,Apr,2,2023,20.73,1.262
Global Mart,Brand G,Office Supplies,334.62,775.5,135,8,104692.5,45173.7,59518.8,2023-04-14,4,Apr,2,2023,56.85,2.318
Icon Wholesale,Brand I,Furniture,180.01,317.02,58,365,18387.16,10440.58,7946.58,2023-03-22,3,Mar,1,2023,43.22,1.761
Junction LLC,Brand J,Furniture,201.47,422.69,105,420,44382.45,21154.35,23228.1,2023-04-20,4,Apr,2,2023,52.34,2.098
Heritage Inc.,Brand H,Food & Beverage,87.75,144.79,10,93,1447.9,877.5,570.4,2023-07-31,7,Jul,3,2023,39.39,1.65
FairWay Corp.,Brand F,Electronics,136.53,199.63,10,372,1996.3,1365.3,631.0,2023-04-02,4,Apr,2,2023,31.61,1.462
Heritage Inc.,Brand H,Office Supplies,306.65,486.37,39,338,18968.43,11959.35,7009.08,2023-01-24,1,Jan,1,2023,36.95,1.586
Eagle Exports,Brand E,Sporting Goods,222.25,491.58,156,436,76686.48,34671.0,42015.48,2023-02-09,2,Feb,1,2023,54.79,2.212
Heritage Inc.,Brand H,Food & Beverage,389.41,769.2,158,335,121533.6,61526.78,60006.82,2023-05-06,5,May,2,2023,49.37,1.975
Junction LLC,Brand J,Sporting Goods,427.77,1032.08,37,151,38186.96,15827.49,22359.47,2023-01-31,1,Jan,1,2023,58.55,2.413
Delta Traders,Brand D,Health & Beauty,275.41,565.03,119,491,67238.57,32773.79,34464.78,2023-09-30,9,Sep,3,2023,51.26,2.052
Junction LLC,Brand J,Furniture,381.55,724.28,67,404,48526.76,25563.85,22962.91,2023-04-22,4,Apr,2,2023,47.32,1.898
Heritage Inc.,Brand H,Sporting Goods,160.38,313.43,43,355,13477.49,6896.34,6581.15,2023-06-30,6,Jun,2,2023,48.83,1.954
Junction LLC,Brand J,Clothing,213.34,516.14,52,39,26839.28,11093.68,15745.6,2023-07-29,7,Jul,3,2023,58.67,2.419
Blue Ridge Co.,Brand B,Sporting Goods,359.26,791.62,101,358,79953.62,36285.26,43668.36,2023-01-11,1,Jan,1,2023,54.62,2.203
Eagle Exports,Brand E,Health & Beauty,199.24,225.87,56,494,12648.72,11157.44,1491.28,2023-08-08,8,Aug,3,2023,11.79,1.134
Icon Wholesale,Brand I,Office Supplies,298.37,551.33,76,61,41901.08,22676.12,19224.96,2023-02-14,2,Feb,1,2023,45.88,1.848
Delta Traders,Brand D,Furniture,100.83,208.08,68,253,14149.44,6856.44,7293.0,2023-01-27,1,Jan,1,2023,51.54,2.064
FairWay Corp.,Brand F,Food & Beverage,303.89,652.81,137,453,89434.97,41632.93,47802.04,2023-07-15,7,Jul,3,2023,53.45,2.148
Apex Supplies,Brand A,Health & Beauty,432.14,604.3,106,68,64055.8,45806.84,18248.96,2023-03-08,3,Mar,1,2023,28.49,1.398
Icon Wholesale,Brand I,Furniture,435.63,1008.07,125,397,126008.75,54453.75,71555.0,2023-09-27,9,Sep,3,2023,56.79,2.314
Apex Supplies,Brand A,Sporting Goods,364.93,889.77,92,244,81858.84,33573.56,48285.28,2023-02-09,2,Feb,1,2023,58.99,2.438
Eagle Exports,Brand E,Office Supplies,375.42,537.38,23,364,12359.74,8634.66,3725.08,2023-04-22,4,Apr,2,2023,30.14,1.431
Delta Traders,Brand D,Electronics,283.38,661.88,191,169,126419.08,54125.58,72293.5,2023-12-16,12,Dec,4,2023,57.19,2.336
Cardinal Goods,Brand C,Office Supplies,296.49,366.39,109,177,39936.51,32317.41,7619.1,2023-10-17,10,Oct,4,2023,19.08,1.236
FairWay Corp.,Brand F,Electronics,75.49,88.93,61,188,5424.73,4604.89,819.84,2023-08-22,8,Aug,3,2023,15.11,1.178
Blue Ridge Co.,Brand B,Clothing,227.49,291.39,168,259,48953.52,38218.32,10735.2,2023-12-09,12,Dec,4,2023,21.93,1.281
Cardinal Goods,Brand C,Office Supplies,230.88,272.63,44,71,11995.72,10158.72,1837.0,2023-08-03,8,Aug,3,2023,15.31,1.181
Eagle Exports,Brand E,Furniture,479.66,1095.07,152,471,166450.64,72908.32,93542.32,2023-10-17,10,Oct,4,2023,56.2,2.283
Icon Wholesale,Brand I,Electronics,221.23,261.64,179,458,46833.56,39600.17,7233.39,2023-03-22,3,Mar,1,2023,15.44,1.183
Blue Ridge Co.,Brand B,Food & Beverage,279.18,413.28,186,16,76870.08,51927.48,24942.6,2023-06-02,6,Jun,2,2023,32.45,1.48
Junction LLC,Brand J,Furniture,271.29,337.83,161,369,54390.63,43677.69,10712.94,2023-06-23,6,Jun,2,2023,19.7,1.245
Heritage Inc.,Brand H,Food & Beverage,322.01,487.39,16,340,7798.24,5152.16,2646.08,2023-05-08,5,May,2,2023,33.93,1.514
Blue Ridge Co.,Brand B,Office Supplies,376.63,462.04,22,56,10164.88,8285.86,1879.02,2023-06-09,6,Jun,2,2023,18.49,1.227
Eagle Exports,Brand E,Food & Beverage,120.27,244.77,57,217,13951.89,6855.39,7096.5,2023-11-03,11,Nov,4,2023,50.86,2.035
Global Mart,Brand G,Electronics,269.07,346.2,62,106,21464.4,16682.34,4782.06,2023-05-22,5,May,2,2023,22.28,1.287
Heritage Inc.,Brand H,Furniture,414.7,950.73,107,303,101728.11,44372.9,57355.21,2023-05-19,5,May,2,2023,56.38,2.293
Apex Supplies,Brand A,Sporting Goods,236.93,531.69,71,427,37749.99,16822.03,20927.96,2023-06-21,6,Jun,2,2023,55.44,2.244
FairWay Corp.,Brand F,Health & Beauty,146.44,163.88,90,172,14749.2,13179.6,1569.6,2023-11-30,11,Nov,4,2023,10.64,1.119
Apex Supplies,Brand A,Electronics,330.81,778.73,72,218,56068.56,23818.32,32250.24,2023-06-17,6,Jun,2,2023,57.52,2.354
Blue Ridge Co.,Brand B,Electronics,413.65,471.78,70,463,33024.6,28955.5,4069.1,2023-06-20,6,Jun,2,2023,12.32,1.141
Apex Supplies,Brand A,Sporting Goods,40.94,58.77,30,246,1763.1,1228.2,534.9,2023-11-14,11,Nov,4,2023,30.34,1.436
Eagle Exports,Brand E,Furniture,390.63,447.41,103,217,46083.23,40234.89,5848.34,2023-01-05,1,Jan,1,2023,12.69,1.145
Junction LLC,Brand J,Furniture,412.61,647.87,151,372,97828.37,62304.11,35524.26,2023-05-27,5,May,2,2023,36.31,1.57
Icon Wholesale,Brand I,Office Supplies,236.15,429.65,32,416,13748.8,7556.8,6192.0,2023-12-08,12,Dec,4,2023,45.04,1.819
FairWay Corp.,Brand F,Food & Beverage,491.82,1089.53,86,30,93699.58,42296.52,51403.06,2023-11-04,11,Nov,4,2023,54.86,2.215
Apex Supplies,Brand A,Office Supplies,395.49,622.17,57,367,35463.69,22542.93,12920.76,2023-10-11,10,Oct,4,2023,36.43,1.573
Apex Supplies,Brand A,Sporting Goods,389.09,812.3,109,46,88540.7,42410.81,46129.89,2023-05-19,5,May,2,2023,52.1,2.088
Blue Ridge Co.,Brand B,Office Supplies,376.44,512.9,9,133,4616.1,3387.96,1228.14,2023-07-17,7,Jul,3,2023,26.61,1.363
Icon Wholesale,Brand I,Sporting Goods,83.8,180.24,31,107,5587.44,2597.8,2989.64,2023-09-29,9,Sep,3,2023,53.51,2.151
Cardinal Goods,Brand C,Furniture,116.44,166.56,71,71,11825.76,8267.24,3558.52,2023-03-20,3,Mar,1,2023,30.09,1.43
Apex Supplies,Brand A,Food & Beverage,237.36,308.8,137,326,42305.6,32518.32,9787.28,2023-06-09,6,Jun,2,2023,23.13,1.301
Eagle Exports,Brand E,Office Supplies,139.36,189.47,13,417,2463.11,1811.68,651.43,2023-07-18,7,Jul,3,2023,26.45,1.36
Global Mart,Brand G,Electronics,213.47,289.23,186,107,53796.78,39705.42,14091.36,2023-06-15,6,Jun,2,2023,26.19,1.355
FairWay Corp.,Brand F,Clothing,445.35,809.65,131,308,106064.15,58340.85,47723.3,2023-04-13,4,Apr,2,2023,44.99,1.818
Apex Supplies,Brand A,Health & Beauty,413.92,944.86,35,397,33070.1,14487.2,18582.9,2023-12-22,12,Dec,4,2023,56.19,2.283
Eagle Exports,Brand E,Electronics,318.72,386.11,21,271,8108.31,6693.12,1415.19,2023-01-20,1,Jan,1,2023,17.45,1.211
Eagle Exports,Brand E,Furniture,430.48,899.59,64,170,57573.76,27550.72,30023.04,2023-01-18,1,Jan,1,2023,52.15,2.09
FairWay Corp.,Brand F,Health & Beauty,394.05,794.44,95,115,75471.8,37434.75,38037.05,2023-11-08,11,Nov,4,2023,50.4,2.016
Cardinal Goods,Brand C,Clothing,220.2,511.2,180,328,92016.0,39636.0,52380.0,2023-10-14,10,Oct,4,2023,56.92,2.322
Eagle Exports,Brand E,Clothing,108.52,156.46,34,73,5319.64,3689.68,1629.96,2023-01-31,1,Jan,1,2023,30.64,1.442
Global Mart,Brand G,Food & Beverage,261.96,453.23,121,255,54840.83,31697.16,23143.67,2023-01-08,1,Jan,1,2023,42.2,1.73
Eagle Exports,Brand E,Health & Beauty,370.75,888.38,163,80,144805.94,60432.25,84373.69,2023-12-13,12,Dec,4,2023,58.27,2.396
Eagle Exports,Brand E,Food & Beverage,223.85,453.07,15,267,6796.05,3357.75,3438.3,2023-01-19,1,Jan,1,2023,50.59,2.024
Eagle Exports,Brand E,Electronics,336.72,553.66,120,127,66439.2,40406.4,26032.8,2023-12-07,12,Dec,4,2023,39.18,1.644
Junction LLC,Brand J,Sporting Goods,56.22,72.19,96,325,6930.24,5397.12,1533.12,2023-08-12,8,Aug,3,2023,22.12,1.284
Junction LLC,Brand J,Sporting Goods,376.52,552.54,6,402,3315.24,2259.12,1056.12,2023-04-05,4,Apr,2,2023,31.86,1.467
Cardinal Goods,Brand C,Sporting Goods,408.23,781.23,109,234,85154.07,44497.07,40657.0,2023-12-30,12,Dec,4,2023,47.75,1.914
Apex Supplies,Brand A,Health & Beauty,356.35,750.27,97,40,72776.19,34565.95,38210.24,2023-02-21,2,Feb,1,2023,52.5,2.105
Eagle Exports,Brand E,Sporting Goods,483.96,616.66,32,180,19733.12,15486.72,4246.4,2023-12-18,12,Dec,4,2023,21.52,1.274
Icon Wholesale,Brand I,Electronics,415.06,804.98,180,156,144896.4,74710.8,70185.6,2023-07-14,7,Jul,3,2023,48.44,1.939
Apex Supplies,Brand A,Food & Beverage,452.52,846.43,83,453,70253.69,37559.16,32694.53,2023-06-22,6,Jun,2,2023,46.54,1.87
Cardinal Goods,Brand C,Health & Beauty,467.45,850.54,156,58,132684.24,72922.2,59762.04,2023-07-26,7,Jul,3,2023,45.04,1.82
Delta Traders,Brand D,Food & Beverage,402.66,831.96,118,344,98171.28,47513.88,50657.4,2023-08-13,8,Aug,3,2023,51.6,2.066
Apex Supplies,Brand A,Health & Beauty,340.39,773.51,192,248,148513.92,65354.88,83159.04,2023-05-17,5,May,2,2023,55.99,2.272
Apex Supplies,Brand A,Food & Beverage,12.8,19.87,79,191,1569.73,1011.2,558.53,2023-12-11,12,Dec,4,2023,35.58,1.552
Heritage Inc.,Brand H,Clothing,238.25,558.61,78,23,43571.58,18583.5,24988.08,2023-06-01,6,Jun,2,2023,57.35,2.345
Blue Ridge Co.,Brand B,Food & Beverage,289.87,384.05,147,472,56455.35,42610.89,13844.46,2023-01-09,1,Jan,1,2023,24.52,1.325
Heritage Inc.,Brand H,Sporting Goods,158.97,213.37,107,399,22830.59,17009.79,5820.8,2023-01-21,1,Jan,1,2023,25.5,1.342
Global Mart,Brand G,Clothing,165.87,244.41,126,435,30795.66,20899.62,9896.04,2023-08-03,8,Aug,3,2023,32.13,1.474
Junction LLC,Brand J,Food & Beverage,480.97,609.55,15,79,9143.25,7214.55,1928.7,2023-11-01,11,Nov,4,2023,21.09,1.267
Junction LLC,Brand J,Health & Beauty,446.94,635.75,134,133,85190.5,59889.96,25300.54,2023-04-02,4,Apr,2,2023,29.7,1.422
Blue Ridge Co.,Brand B,Health & Beauty,426.1,532.19,73,420,38849.87,31105.3,7744.57,2023-11-06,11,Nov,4,2023,19.93,1.249
FairWay Corp.,Brand F,Health & Beauty,208.95,470.23,101,212,47493.23,21103.95,26389.28,2023-12-04,12,Dec,4,2023,55.56,2.25
FairWay Corp.,Brand F,Furniture,16.71,21.63,98,387,2119.74,1637.58,482.16,2023-11-12,11,Nov,4,2023,22.75,1.294
Cardinal Goods,Brand C,Electronics,49.31,105.83,166,481,17567.78,8185.46,9382.32,2023-06-29,6,Jun,2,2023,53.41,2.146
Blue Ridge Co.,Brand B,Health & Beauty,162.98,190.21,26,347,4945.46,4237.48,707.98,2023-01-13,1,Jan,1,2023,14.32,1.167
Apex Supplies,Brand A,Clothing,17.71,43.0,92,165,3956.0,1629.32,2326.68,2023-07-04,7,Jul,3,2023,58.81,2.428
FairWay Corp.,Brand F,Health & Beauty,18.4,38.56,125,424,4820.0,2300.0,2520.0,2023-10-08,10,Oct,4,2023,52.28,2.096
Eagle Exports,Brand E,Furniture,459.14,509.42,179,347,91186.18,82186.06,9000.12,2023-11-12,11,Nov,4,2023,9.87,1.11
Icon Wholesale,Brand I,Sporting Goods,356.02,772.35,73,336,56381.55,25989.46,30392.09,2023-09-05,9,Sep,3,2023,53.9,2.169
Apex Supplies,Brand A,Clothing,161.39,293.68,123,397,36122.64,19850.97,16271.67,2023-01-13,1,Jan,1,2023,45.05,1.82
Global Mart,Brand G,Furniture,75.0,164.33,53,70,8709.49,3975.0,4734.49,2023-10-04,10,Oct,4,2023,54.36,2.191
Eagle Exports,Brand E,Sporting Goods,260.7,477.47,184,213,87854.48,47968.8,39885.68,2023-11-01,11,Nov,4,2023,45.4,1.831
Eagle Exports,Brand E,Office Supplies,12.62,25.21,187,434,4714.27,2359.94,2354.33,2023-11-20,11,Nov,4,2023,49.94,1.998
Blue Ridge Co.,Brand B,Office Supplies,469.82,1034.01,198,64,204733.98,93024.36,111709.62,2023-06-25,6,Jun,2,2023,54.56,2.201
Cardinal Goods,Brand C,Clothing,213.26,355.54,78,220,27732.12,16634.28,11097.84,2023-08-14,8,Aug,3,2023,40.02,1.667
Global Mart,Brand G,Food & Beverage,207.14,228.64,92,307,21034.88,19056.88,1978.0,2023-02-02,2,Feb,1,2023,9.4,1.104
FairWay Corp.,Brand F,Electronics,201.39,461.17,186,478,85777.62,37458.54,48319.08,2023-11-22,11,Nov,4,2023,56.33,2.29
Blue Ridge Co.,Brand B,Electronics,43.97,71.81,88,285,6319.28,3869.36,2449.92,2023-04-22,4,Apr,2,2023,38.77,1.633
FairWay Corp.,Brand F,Furniture,322.78,579.22,13,184,7529.86,4196.14,3333.72,2023-12-10,12,Dec,4,2023,44.27,1.794
Blue Ridge Co.,Brand B,Sporting Goods,369.17,410.1,43,206,17634.3,15874.31,1759.99,2023-10-23,10,Oct,4,2023,9.98,1.111
Blue Ridge Co.,Brand B,Electronics,341.3,610.56,76,465,46402.56,25938.8,20463.76,2023-05-07,5,May,2,2023,44.1,1.789
Blue Ridge Co.,Brand B,Sporting Goods,77.83,193.1,51,98,9848.1,3969.33,5878.77,2023-04-20,4,Apr,2,2023,59.69,2.481
Cardinal Goods,Brand C,Sporting Goods,293.63,437.38,19,241,8310.22,5578.97,2731.25,2023-02-14,2,Feb,1,2023,32.87,1.49
Blue Ridge Co.,Brand B,Furniture,289.05,477.97,149,157,71217.53,43068.45,28149.08,2023-08-14,8,Aug,3,2023,39.53,1.654
Delta Traders,Brand D,Furniture,435.52,898.07,122,97,109564.54,53133.44,56431.1,2023-03-07,3,Mar,1,2023,51.5,2.062
Icon Wholesale,Brand I,Furniture,195.77,438.66,24,41,10527.84,4698.48,5829.36,2023-02-15,2,Feb,1,2023,55.37,2.241
FairWay Corp.,Brand F,Electronics,192.03,323.45,26,138,8409.7,4992.78,3416.92,2023-04-26,4,Apr,2,2023,40.63,1.684
Apex Supplies,Brand A,Office Supplies,313.08,480.12,173,282,83060.76,54162.84,28897.92,2023-12-21,12,Dec,4,2023,34.79,1.534
Heritage Inc.,Brand H,Furniture,320.21,772.65,156,407,120533.4,49952.76,70580.64,2023-06-22,6,Jun,2,2023,58.56,2.413
Global Mart,Brand G,Electronics,239.95,491.42,120,226,58970.4,28794.0,30176.4,2023-12-13,12,Dec,4,2023,51.17,2.048
Junction LLC,Brand J,Furniture,227.1,287.65,82,422,23587.3,18622.2,4965.1,2023-10-08,10,Oct,4,2023,21.05,1.267
Cardinal Goods,Brand C,Health & Beauty,252.13,301.67,100,71,30167.0,25213.0,4954.0,2023-07-22,7,Jul,3,2023,16.42,1.196
Apex Supplies,Brand A,Sporting Goods,431.91,767.49,157,242,120495.93,67809.87,52686.06,2023-05-01,5,May,2,2023,43.72,1.777
Eagle Exports,Brand E,Furniture,235.97,332.28,17,17,5648.76,4011.49,1637.27,2023-02-01,2,Feb,1,2023,28.98,1.408
Delta Traders,Brand D,Clothing,470.57,684.95,68,76,46576.6,31998.76,14577.84,2023-05-12,5,May,2,2023,31.3,1.456
Junction LLC,Brand J,Sporting Goods,256.96,598.4,44,44,26329.6,11306.24,15023.36,2023-03-19,3,Mar,1,2023,57.06,2.329
Heritage Inc.,Brand H,Sporting Goods,475.11,582.2,61,471,35514.2,28981.71,6532.49,2023-11-23,11,Nov,4,2023,18.39,1.225
Apex Supplies,Brand A,Furniture,418.09,878.62,123,370,108070.26,51425.07,56645.19,2023-10-24,10,Oct,4,2023,52.42,2.102
Junction LLC,Brand J,Office Supplies,187.59,277.56,93,342,25813.08,17445.87,8367.21,2023-05-21,5,May,2,2023,32.41,1.48
Apex Supplies,Brand A,Food & Beverage,433.18,937.6,196,139,183769.6,84903.28,98866.32,2023-12-21,12,Dec,4,2023,53.8,2.164
Delta Traders,Brand D,Office Supplies,63.93,134.98,74,176,9988.52,4730.82,5257.7,2023-05-08,5,May,2,2023,52.64,2.111
Heritage Inc.,Brand H,Furniture,463.27,514.39,153,221,78701.67,70880.31,7821.36,2023-01-15,1,Jan,1,2023,9.94,1.11
Eagle Exports,Brand E,Sporting Goods,319.51,579.2,67,414,38806.4,21407.17,17399.23,2023-06-18,6,Jun,2,2023,44.84,1.813
Blue Ridge Co.,Brand B,Clothing,36.65,47.46,111,91,5268.06,4068.15,1199.91,2023-01-25,1,Jan,1,2023,22.78,1.295
FairWay Corp.,Brand F,Sporting Goods,325.69,753.23,2,21,1506.46,651.38,855.08,2023-09-23,9,Sep,3,2023,56.76,2.313
Eagle Exports,Brand E,Office Supplies,487.38,1130.83,89,171,100643.87,43376.82,57267.05,2023-03-27,3,Mar,1,2023,56.9,2.32
Blue Ridge Co.,Brand B,Clothing,44.2,74.51,177,91,13188.27,7823.4,5364.87,2023-03-05,3,Mar,1,2023,40.68,1.686
Cardinal Goods,Brand C,Electronics,281.8,485.3,198,191,96089.4,55796.4,40293.0,2023-07-29,7,Jul,3,2023,41.93,1.722
Icon Wholesale,Brand I,Health & Beauty,376.42,573.89,26,76,14921.14,9786.92,5134.22,2023-12-13,12,Dec,4,2023,34.41,1.525
Global Mart,Brand G,Sporting Goods,407.03,856.09,99,280,84752.91,40295.97,44456.94,2023-12-20,12,Dec,4,2023,52.45,2.103
Global Mart,Brand G,Furniture,212.78,340.9,27,363,9204.3,5745.06,3459.24,2023-12-11,12,Dec,4,2023,37.58,1.602
FairWay Corp.,Brand F,Electronics,110.04,162.3,89,178,14444.7,9793.56,4651.14,2023-08-31,8,Aug,3,2023,32.2,1.475
Heritage Inc.,Brand H,Health & Beauty,30.75,52.43,146,237,7654.78,4489.5,3165.28,2023-12-08,12,Dec,4,2023,41.35,1.705
Delta Traders,Brand D,Furniture,294.07,361.14,182,134,65727.48,53520.74,12206.74,2023-08-17,8,Aug,3,2023,18.57,1.228
Heritage Inc.,Brand H,Food & Beverage,231.93,497.55,1,364,497.55,231.93,265.62,2023-09-28,9,Sep,3,2023,53.39,2.145
Delta Traders,Brand D,Furniture,474.88,530.74,189,389,100309.86,89752.32,10557.54,2023-09-07,9,Sep,3,2023,10.52,1.118
Heritage Inc.,Brand H,Clothing,39.7,79.49,103,279,8187.47,4089.1,4098.37,2023-02-26,2,Feb,1,2023,50.06,2.002
Icon Wholesale,Brand I,Clothing,345.84,468.96,131,18,61433.76,45305.04,16128.72,2023-12-26,12,Dec,4,2023,26.25,1.356
Cardinal Goods,Brand C,Food & Beverage,22.23,31.69,196,82,6211.24,4357.08,1854.16,2023-07-09,7,Jul,3,2023,29.85,1.426
Cardinal Goods,Brand C,Electronics,94.0,187.05,41,227,7669.05,3854.0,3815.05,2023-12-13,12,Dec,4,2023,49.75,1.99
Blue Ridge Co.,Brand B,Health & Beauty,232.25,578.33,165,370,95424.45,38321.25,57103.2,2023-10-16,10,Oct,4,2023,59.84,2.49
Junction LLC,Brand J,Furniture,232.89,509.75,51,264,25997.25,11877.39,14119.86,2023-07-02,7,Jul,3,2023,54.31,2.189
Cardinal Goods,Brand C,Clothing,345.99,489.98,15,111,7349.7,5189.85,2159.85,2023-11-01,11,Nov,4,2023,29.39,1.416
Cardinal Goods,Brand C,Electronics,456.0,613.97,8,250,4911.76,3648.0,1263.76,2023-10-12,10,Oct,4,2023,25.73,1.346
Eagle Exports,Brand E,Food & Beverage,323.13,747.31,38,163,28397.78,12278.94,16118.84,2023-10-16,10,Oct,4,2023,56.76,2.313
Eagle Exports,Brand E,Office Supplies,477.23,821.72,114,357,93676.08,54404.22,39271.86,2023-10-01,10,Oct,4,2023,41.92,1.722
Blue Ridge Co.,Brand B,Sporting Goods,441.99,571.0,83,167,47393.0,36685.17,10707.83,2023-02-18,2,Feb,1,2023,22.59,1.292
Junction LLC,Brand J,Office Supplies,296.4,683.82,56,220,38293.92,16598.4,21695.52,2023-07-06,7,Jul,3,2023,56.66,2.307
FairWay Corp.,Brand F,Office Supplies,418.56,938.63,175,407,164260.25,73248.0,91012.25,2023-05-21,5,May,2,2023,55.41,2.243
Eagle Exports,Brand E,Clothing,324.86,804.83,103,303,82897.49,33460.58,49436.91,2023-01-03,1,Jan,1,2023,59.64,2.477
FairWay Corp.,Brand F,Food & Beverage,48.49,115.1,138,190,15883.8,6691.62,9192.18,2023-04-21,4,Apr,2,2023,57.87,2.374
Apex Supplies,Brand A,Furniture,372.88,854.83,102,324,87192.66,38033.76,49158.9,2023-09-09,9,Sep,3,2023,56.38,2.293
Eagle Exports,Brand E,Office Supplies,56.51,66.32,78,436,5172.96,4407.78,765.18,2023-10-31,10,Oct,4,2023,14.79,1.174
Icon Wholesale,Brand I,Office Supplies,301.1,375.23,177,437,66415.71,53294.7,13121.01,2023-05-28,5,May,2,2023,19.76,1.246
Junction LLC,Brand J,Health & Beauty,354.29,671.94,169,169,113557.86,59875.01,53682.85,2023-12-06,12,Dec,4,2023,47.27,1.897
Blue Ridge Co.,Brand B,Clothing,42.6,78.56,83,374,6520.48,3535.8,2984.68,2023-07-30,7,Jul,3,2023,45.77,1.844
Apex Supplies,Brand A,Clothing,123.09,214.32,30,44,6429.6,3692.7,2736.9,2023-09-01,9,Sep,3,2023,42.57,1.741
Junction LLC,Brand J,Furniture,458.68,759.35,5,380,3796.75,2293.4,1503.35,2023-12-29,12,Dec,4,2023,39.6,1.656
Icon Wholesale,Brand I,Sporting Goods,311.99,531.54,119,473,63253.26,37126.81,26126.45,2023-03-29,3,Mar,1,2023,41.3,1.704
Junction LLC,Brand J,Electronics,130.68,247.9,199,13,49332.1,26005.32,23326.78,2023-06-12,6,Jun,2,2023,47.29,1.897
Icon Wholesale,Brand I,Health & Beauty,348.43,384.29,31,230,11912.99,10801.33,1111.66,2023-10-13,10,Oct,4,2023,9.33,1.103
Icon Wholesale,Brand I,Clothing,302.42,443.04,180,156,79747.2,54435.6,25311.6,2023-08-30,8,Aug,3,2023,31.74,1.465
FairWay Corp.,Brand F,Health & Beauty,255.77,466.93,23,499,10739.39,5882.71,4856.68,2023-02-18,2,Feb,1,2023,45.22,1.826
Heritage Inc.,Brand H,Clothing,488.33,1030.91,48,133,49483.68,23439.84,26043.84,2023-03-17,3,Mar,1,2023,52.63,2.111
Apex Supplies,Brand A,Health & Beauty,344.89,463.47,109,390,50518.23,37593.01,12925.22,2023-01-05,1,Jan,1,2023,25.59,1.344
Junction LLC,Brand J,Food & Beverage,193.97,361.88,40,36,14475.2,7758.8,6716.4,2023-02-27,2,Feb,1,2023,46.4,1.866
Delta Traders,Brand D,Office Supplies,402.04,844.38,6,52,5066.28,2412.24,2654.04,2023-04-14,4,Apr,2,2023,52.39,2.1
Apex Supplies,Brand A,Clothing,443.45,763.83,38,17,29025.54,16851.1,12174.44,2023-05-12,5,May,2,2023,41.94,1.722
Heritage Inc.,Brand H,Health & Beauty,71.36,81.2,169,470,13722.8,12059.84,1662.96,2023-11-04,11,Nov,4,2023,12.12,1.138
Apex Supplies,Brand A,Electronics,108.27,187.2,100,491,18720.0,10827.0,7893.0,2023-07-03,7,Jul,3,2023,42.16,1.729
Cardinal Goods,Brand C,Food & Beverage,115.95,175.67,27,37,4743.09,3130.65,1612.44,2023-12-03,12,Dec,4,2023,34.0,1.515
Delta Traders,Brand D,Food & Beverage,348.69,837.38,69,186,57779.22,24059.61,33719.61,2023-08-25,8,Aug,3,2023,58.36,2.402
Heritage Inc.,Brand H,Electronics,305.49,389.33,57,384,22191.81,17412.93,4778.88,2023-12-22,12,Dec,4,2023,21.53,1.274
FairWay Corp.,Brand F,Health & Beauty,313.31,630.84,17,195,10724.28,5326.27,5398.01,2023-03-12,3,Mar,1,2023,50.33,2.013
Junction LLC,Brand J,Furniture,470.98,552.84,71,242,39251.64,33439.58,5812.06,2023-05-12,5,May,2,2023,14.81,1.174
Global Mart,Brand G,Electronics,390.2,672.95,47,299,31628.65,18339.4,13289.25,2023-03-22,3,Mar,1,2023,42.02,1.725
Heritage Inc.,Brand H,Health & Beauty,72.69,136.34,79,302,10770.86,5742.51,5028.35,2023-07-01,7,Jul,3,2023,46.68,1.876
Blue Ridge Co.,Brand B,Electronics,180.28,273.51,110,34,30086.1,19830.8,10255.3,2023-09-22,9,Sep,3,2023,34.09,1.517
Junction LLC,Brand J,Electronics,223.34,387.97,13,214,5043.61,2903.42,2140.19,2023-07-16,7,Jul,3,2023,42.43,1.737
Heritage Inc.,Brand H,Clothing,204.02,271.14,139,218,37688.46,28358.78,9329.68,2023-05-07,5,May,2,2023,24.75,1.329
Cardinal Goods,Brand C,Health & Beauty,337.96,515.65,124,315,63940.6,41907.04,22033.56,2023-06-26,6,Jun,2,2023,34.46,1.526
Global Mart,Brand G,Furniture,447.03,880.45,109,89,95969.05,48726.27,47242.78,2023-10-17,10,Oct,4,2023,49.23,1.97
Cardinal Goods,Brand C,Office Supplies,159.97,243.56,90,307,21920.4,14397.3,7523.1,2023-05-12,5,May,2,2023,34.32,1.523
Global Mart,Brand G,Clothing,280.42,661.69,86,251,56905.34,24116.12,32789.22,2023-03-08,3,Mar,1,2023,57.62,2.36
Blue Ridge Co.,Brand B,Electronics,396.81,785.59,92,7,72274.28,36506.52,35767.76,2023-12-24,12,Dec,4,2023,49.49,1.98
Junction LLC,Brand J,Office Supplies,213.95,366.73,24,255,8801.52,5134.8,3666.72,2023-03-04,3,Mar,1,2023,41.66,1.714
FairWay Corp.,Brand F,Sporting Goods,92.38,106.63,73,362,7783.99,6743.74,1040.25,2023-11-29,11,Nov,4,2023,13.36,1.154
Cardinal Goods,Brand C,Office Supplies,242.73,436.76,4,207,1747.04,970.92,776.12,2023-12-08,12,Dec,4,2023,44.42,1.799
Cardinal Goods,Brand C,Electronics,37.06,80.45,113,424,9090.85,4187.78,4903.07,2023-02-25,2,Feb,1,2023,53.93,2.171
Icon Wholesale,Brand I,Electronics,471.77,694.34,46,130,31939.64,21701.42,10238.22,2023-05-19,5,May,2,2023,32.05,1.472
Global Mart,Brand G,Health & Beauty,46.66,104.03,18,223,1872.54,839.88,1032.66,2023-09-12,9,Sep,3,2023,55.15,2.23
Eagle Exports,Brand E,Health & Beauty,224.84,326.59,43,196,14043.37,9668.12,4375.25,2023-12-26,12,Dec,4,2023,31.16,1.453
Junction LLC,Brand J,Clothing,269.64,607.56,161,467,97817.16,43412.04,54405.12,2023-05-29,5,May,2,2023,55.62,2.253
Global Mart,Brand G,Furniture,492.8,600.91,93,141,55884.63,45830.4,10054.23,2023-01-21,1,Jan,1,2023,17.99,1.219
Icon Wholesale,Brand I,Clothing,91.35,211.26,103,251,21759.78,9409.05,12350.73,2023-06-09,6,Jun,2,2023,56.76,2.313
Apex Supplies,Brand A,Food & Beverage,66.07,118.85,124,95,14737.4,8192.68,6544.72,2023-07-07,7,Jul,3,2023,44.41,1.799
Global Mart,Brand G,Electronics,14.27,21.62,10,25,216.2,142.7,73.5,2023-06-19,6,Jun,2,2023,34.0,1.515
FairWay Corp.,Brand F,Office Supplies,86.23,126.86,73,110,9260.78,6294.79,2965.99,2023-05-08,5,May,2,2023,32.03,1.471
Junction LLC,Brand J,Sporting Goods,111.56,190.19,187,453,35565.53,20861.72,14703.81,2023-06-03,6,Jun,2,2023,41.34,1.705
Icon Wholesale,Brand I,Electronics,318.98,797.03,31,122,24707.93,9888.38,14819.55,2023-06-21,6,Jun,2,2023,59.98,2.499
Apex Supplies,Brand A,Electronics,117.66,165.72,156,185,25852.32,18354.96,7497.36,2023-02-20,2,Feb,1,2023,29.0,1.408
Delta Traders,Brand D,Clothing,20.06,24.96,60,483,1497.6,1203.6,294.0,2023-03-11,3,Mar,1,2023,19.63,1.244
Icon Wholesale,Brand I,Sporting Goods,415.04,796.48,131,167,104338.88,54370.24,49968.64,2023-12-08,12,Dec,4,2023,47.89,1.919
Delta Traders,Brand D,Sporting Goods,189.14,337.42,118,50,39815.56,22318.52,17497.04,2023-01-03,1,Jan,1,2023,43.95,1.784
Junction LLC,Brand J,Sporting Goods,183.31,336.17,183,378,61519.11,33545.73,27973.38,2023-02-24,2,Feb,1,2023,45.47,1.834
Cardinal Goods,Brand C,Clothing,158.21,321.75,14,4,4504.5,2214.94,2289.56,2023-10-15,10,Oct,4,2023,50.83,2.034
Icon Wholesale,Brand I,Electronics,487.93,719.21,186,76,133773.06,90754.98,43018.08,2023-10-26,10,Oct,4,2023,32.16,1.474
Blue Ridge Co.,Brand B,Clothing,93.36,221.72,143,159,31705.96,13350.48,18355.48,2023-01-29,1,Jan,1,2023,57.89,2.375
Delta Traders,Brand D,Health & Beauty,450.14,769.71,2,207,1539.42,900.28,639.14,2023-01-28,1,Jan,1,2023,41.52,1.71
FairWay Corp.,Brand F,Health & Beauty,390.63,500.29,24,256,12006.96,9375.12,2631.84,2023-05-18,5,May,2,2023,21.92,1.281
Blue Ridge Co.,Brand B,Clothing,47.48,101.57,64,204,6500.48,3038.72,3461.76,2023-02-02,2,Feb,1,2023,53.25,2.139
Heritage Inc.,Brand H,Sporting Goods,493.5,987.17,199,254,196446.83,98206.5,98240.33,2023-10-10,10,Oct,4,2023,50.01,2.0
Heritage Inc.,Brand H,Electronics,142.97,220.47,100,437,22047.0,14297.0,7750.0,2023-08-08,8,Aug,3,2023,35.15,1.542
Apex Supplies,Brand A,Clothing,58.31,114.88,114,10,13096.32,6647.34,6448.98,2023-03-10,3,Mar,1,2023,49.24,1.97
Cardinal Goods,Brand C,Clothing,416.36,586.15,24,436,14067.6,9992.64,4074.96,2023-11-29,11,Nov,4,2023,28.97,1.408
Junction LLC,Brand J,Clothing,356.27,613.77,155,7,95134.35,55221.85,39912.5,2023-05-22,5,May,2,2023,41.95,1.723
Icon Wholesale,Brand I,Food & Beverage,312.44,737.1,165,408,121621.5,51552.6,70068.9,2023-08-05,8,Aug,3,2023,57.61,2.359
Eagle Exports,Brand E,Health & Beauty,86.43,111.23,91,423,10121.93,7865.13,2256.8,2023-08-14,8,Aug,3,2023,22.3,1.287
FairWay Corp.,Brand F,Office Supplies,244.46,401.25,167,31,67008.75,40824.82,26183.93,2023-08-02,8,Aug,3,2023,39.08,1.641
Delta Traders,Brand D,Sporting Goods,392.47,882.9,191,471,168633.9,74961.77,93672.13,2023-01-03,1,Jan,1,2023,55.55,2.25
Junction LLC,Brand J,Furniture,158.78,390.17,26,27,10144.42,4128.28,6016.14,2023-07-22,7,Jul,3,2023,59.3,2.457
Blue Ridge Co.,Brand B,Office Supplies,162.73,282.42,65,205,18357.3,10577.45,7779.85,2023-07-28,7,Jul,3,2023,42.38,1.736
Heritage Inc.,Brand H,Sporting Goods,11.54,20.89,120,492,2506.8,1384.8,1122.0,2023-12-27,12,Dec,4,2023,44.76,1.81
FairWay Corp.,Brand F,Furniture,95.38,181.32,4,386,725.28,381.52,343.76,2023-02-15,2,Feb,1,2023,47.4,1.901
Eagle Exports,Brand E,Food & Beverage,438.95,1055.8,157,227,165760.6,68915.15,96845.45,2023-07-17,7,Jul,3,2023,58.42,2.405
Icon Wholesale,Brand I,Clothing,226.46,521.2,1,127,521.2,226.46,294.74,2023-08-23,8,Aug,3,2023,56.55,2.302
Apex Supplies,Brand A,Food & Beverage,492.27,659.07,50,254,32953.5,24613.5,8340.0,2023-09-18,9,Sep,3,2023,25.31,1.339
Eagle Exports,Brand E,Food & Beverage,203.9,348.97,110,474,38386.7,22429.0,15957.7,2023-01-06,1,Jan,1,2023,41.57,1.711
FairWay Corp.,Brand F,Office Supplies,360.44,630.63,139,211,87657.57,50101.16,37556.41,2023-07-10,7,Jul,3,2023,42.84,1.75
Eagle Exports,Brand E,Electronics,148.14,326.61,74,238,24169.14,10962.36,13206.78,2023-05-13,5,May,2,2023,54.64,2.205
FairWay Corp.,Brand F,Office Supplies,188.27,366.01,187,206,68443.87,35206.49,33237.38,2023-10-22,10,Oct,4,2023,48.56,1.944
FairWay Corp.,Brand F,Health & Beauty,103.46,208.57,62,317,12931.34,6414.52,6516.82,2023-02-22,2,Feb,1,2023,50.4,2.016
Global Mart,Brand G,Furniture,180.06,449.7,81,282,36425.7,14584.86,21840.84,2023-10-13,10,Oct,4,2023,59.96,2.498
Delta Traders,Brand D,Clothing,278.15,335.16,164,244,54966.24,45616.6,9349.64,2023-04-01,4,Apr,2,2023,17.01,1.205
Heritage Inc.,Brand H,Office Supplies,495.97,700.42,56,44,39223.52,27774.32,11449.2,2023-11-19,11,Nov,4,2023,29.19,1.412
Global Mart,Brand G,Furniture,335.46,560.57,111,104,62223.27,37236.06,24987.21,2023-09-30,9,Sep,3,2023,40.16,1.671
Icon Wholesale,Brand I,Sporting Goods,107.63,170.8,21,347,3586.8,2260.23,1326.57,2023-09-18,9,Sep,3,2023,36.98,1.587
Global Mart,Brand G,Furniture,32.03,36.2,141,280,5104.2,4516.23,587.97,2023-04-10,4,Apr,2,2023,11.52,1.13
Cardinal Goods,Brand C,Sporting Goods,71.91,88.34,9,233,795.06,647.19,147.87,2023-06-24,6,Jun,2,2023,18.6,1.228
Cardinal Goods,Brand C,Office Supplies,285.65,586.54,139,188,81529.06,39705.35,41823.71,2023-01-24,1,Jan,1,2023,51.3,2.053
Heritage Inc.,Brand H,Health & Beauty,384.93,897.29,70,43,62810.3,26945.1,35865.2,2023-09-03,9,Sep,3,2023,57.1,2.331
Eagle Exports,Brand E,Office Supplies,470.81,856.84,129,493,110532.36,60734.49,49797.87,2023-06-06,6,Jun,2,2023,45.05,1.82
Delta Traders,Brand D,Sporting Goods,17.75,32.92,118,224,3884.56,2094.5,1790.06,2023-07-30,7,Jul,3,2023,46.08,1.855
Heritage Inc.,Brand H,Furniture,266.15,387.82,198,429,76788.36,52697.7,24090.66,2023-04-05,4,Apr,2,2023,31.37,1.457
FairWay Corp.,Brand F,Furniture,240.73,523.59,56,141,29321.04,13480.88,15840.16,2023-01-06,1,Jan,1,2023,54.02,2.175
Blue Ridge Co.,Brand B,Sporting Goods,331.47,713.49,31,135,22118.19,10275.57,11842.62,2023-04-24,4,Apr,2,2023,53.54,2.153
Delta Traders,Brand D,Food & Beverage,284.19,546.7,37,175,20227.9,10515.03,9712.87,2023-08-30,8,Aug,3,2023,48.02,1.924
Delta Traders,Brand D,Health & Beauty,346.65,484.52,175,141,84791.0,60663.75,24127.25,2023-01-01,1,Jan,1,2023,28.45,1.398
FairWay Corp.,Brand F,Electronics,332.46,410.86,91,448,37388.26,30253.86,7134.4,2023-09-03,9,Sep,3,2023,19.08,1.236
FairWay Corp.,Brand F,Clothing,67.34,80.13,114,79,9134.82,7676.76,1458.06,2023-04-03,4,Apr,2,2023,15.96,1.19
Apex Supplies,Brand A,Furniture,401.86,775.5,128,81,99264.0,51438.08,47825.92,2023-08-18,8,Aug,3,2023,48.18,1.93
Heritage Inc.,Brand H,Clothing,70.38,158.71,175,134,27774.25,12316.5,15457.75,2023-10-11,10,Oct,4,2023,55.65,2.255
FairWay Corp.,Brand F,Electronics,352.28,810.83,122,206,98921.26,42978.16,55943.1,2023-01-03,1,Jan,1,2023,56.55,2.302
Cardinal Goods,Brand C,Office Supplies,213.91,374.14,69,343,25815.66,14759.79,11055.87,2023-10-11,10,Oct,4,2023,42.83,1.749
Icon Wholesale,Brand I,Clothing,261.79,575.41,186,176,107026.26,48692.94,58333.32,2023-07-01,7,Jul,3,2023,54.5,2.198
Blue Ridge Co.,Brand B,Electronics,452.62,1097.89,36,382,39524.04,16294.32,23229.72,2023-10-20,10,Oct,4,2023,58.77,2.426
Heritage Inc.,Brand H,Sporting Goods,446.04,662.48,32,242,21199.36,14273.28,6926.08,2023-12-01,12,Dec,4,2023,32.67,1.485
Junction LLC,Brand J,Food & Beverage,410.75,680.67,64,54,43562.88,26288.0,17274.88,2023-09-25,9,Sep,3,2023,39.66,1.657
Cardinal Goods,Brand C,Furniture,259.97,624.99,199,140,124373.01,51734.03,72638.98,2023-10-05,10,Oct,4,2023,58.4,2.404
Eagle Exports,Brand E,Electronics,370.76,583.4,170,456,99178.0,63029.2,36148.8,2023-06-23,6,Jun,2,2023,36.45,1.574
FairWay Corp.,Brand F,Clothing,261.32,621.79,48,439,29845.92,12543.36,17302.56,2023-08-17,8,Aug,3,2023,57.97,2.379
Junction LLC,Brand J,Furniture,436.11,1078.7,81,55,87374.7,35324.91,52049.79,2023-07-25,7,Jul,3,2023,59.57,2.473
FairWay Corp.,Brand F,Food & Beverage,207.36,420.22,158,14,66394.76,32762.88,33631.88,2023-11-14,11,Nov,4,2023,50.65,2.027
Delta Traders,Brand D,Sporting Goods,485.42,1089.11,149,184,162277.39,72327.58,89949.81,2023-09-15,9,Sep,3,2023,55.43,2.244
Cardinal Goods,Brand C,Office Supplies,466.84,1003.41,60,313,60204.6,28010.4,32194.2,2023-11-14,11,Nov,4,2023,53.47,2.149
Delta Traders,Brand D,Furniture,373.39,776.41,141,418,109473.81,52647.99,56825.82,2023-02-17,2,Feb,1,2023,51.91,2.079
Apex Supplies,Brand A,Office Supplies,146.91,224.73,1,87,224.73,146.91,77.82,2023-10-16,10,Oct,4,2023,34.63,1.53
Delta Traders,Brand D,Electronics,74.51,87.92,65,96,5714.8,4843.15,871.65,2023-07-18,7,Jul,3,2023,15.25,1.18
Apex Supplies,Brand A,Food & Beverage,428.8,677.62,33,143,22361.46,14150.4,8211.06,2023-02-18,2,Feb,1,2023,36.72,1.58
Apex Supplies,Brand A,Clothing,91.0,185.07,38,7,7032.66,3458.0,3574.66,2023-09-05,9,Sep,3,2023,50.83,2.034
Junction LLC,Brand J,Food & Beverage,428.59,532.97,25,476,13324.25,10714.75,2609.5,2023-08-30,8,Aug,3,2023,19.58,1.244
FairWay Corp.,Brand F,Food & Beverage,250.47,279.7,154,214,43073.8,38572.38,4501.42,2023-03-10,3,Mar,1,2023,10.45,1.117
Eagle Exports,Brand E,Health & Beauty,209.21,271.05,59,172,15991.95,12343.39,3648.56,2023-08-07,8,Aug,3,2023,22.81,1.296
Delta Traders,Brand D,Food & Beverage,452.56,951.29,161,222,153157.69,72862.16,80295.53,2023-06-25,6,Jun,2,2023,52.43,2.102
Cardinal Goods,Brand C,Food & Beverage,305.89,753.07,101,39,76060.07,30894.89,45165.18,2023-08-02,8,Aug,3,2023,59.38,2.462
Apex Supplies,Brand A,Furniture,292.54,724.41,127,496,92000.07,37152.58,54847.49,2023-03-28,3,Mar,1,2023,59.62,2.476
FairWay Corp.,Brand F,Clothing,283.8,508.45,41,181,20846.45,11635.8,9210.65,2023-08-23,8,Aug,3,2023,44.18,1.792
Blue Ridge Co.,Brand B,Furniture,191.87,444.58,158,269,70243.64,30315.46,39928.18,2023-03-01,3,Mar,1,2023,56.84,2.317
Heritage Inc.,Brand H,Furniture,394.97,841.9,57,186,47988.3,22513.29,25475.01,2023-12-30,12,Dec,4,2023,53.09,2.132
Junction LLC,Brand J,Electronics,133.87,241.16,177,244,42685.32,23694.99,18990.33,2023-12-01,12,Dec,4,2023,44.49,1.801
Eagle Exports,Brand E,Furniture,470.06,893.99,48,477,42911.52,22562.88,20348.64,2023-08-04,8,Aug,3,2023,47.42,1.902
Global Mart,Brand G,Health & Beauty,448.05,578.93,72,308,41682.96,32259.6,9423.36,2023-03-21,3,Mar,1,2023,22.61,1.292
Junction LLC,Brand J,Health & Beauty,175.37,423.12,177,230,74892.24,31040.49,43851.75,2023-09-06,9,Sep,3,2023,58.55,2.413
Blue Ridge Co.,Brand B,Office Supplies,367.44,585.22,175,382,102413.5,64302.0,38111.5,2023-09-11,9,Sep,3,2023,37.21,1.593
Heritage Inc.,Brand H,Electronics,290.88,501.65,56,154,28092.4,16289.28,11803.12,2023-09-28,9,Sep,3,2023,42.02,1.725
Blue Ridge Co.,Brand B,Office Supplies,175.45,357.97,65,174,23268.05,11404.25,11863.8,2023-11-19,11,Nov,4,2023,50.99,2.04
Delta Traders,Brand D,Office Supplies,494.38,774.92,12,335,9299.04,5932.56,3366.48,2023-08-11,8,Aug,3,2023,36.2,1.567
Apex Supplies,Brand A,Sporting Goods,22.37,32.57,69,114,2247.33,1543.53,703.8,2023-10-05,10,Oct,4,2023,31.32,1.456
Eagle Exports,Brand E,Clothing,133.8,265.39,134,389,35562.26,17929.2,17633.06,2023-01-03,1,Jan,1,2023,49.58,1.983
Icon Wholesale,Brand I,Clothing,264.84,300.59,89,310,26752.51,23570.76,3181.75,2023-12-02,12,Dec,4,2023,11.89,1.135
Apex Supplies,Brand A,Furniture,265.76,560.49,193,480,108174.57,51291.68,56882.89,2023-08-29,8,Aug,3,2023,52.58,2.109
Icon Wholesale,Brand I,Furniture,298.58,543.31,25,299,13582.75,7464.5,6118.25,2023-06-07,6,Jun,2,2023,45.04,1.82
Heritage Inc.,Brand H,Sporting Goods,378.32,736.99,1,17,736.99,378.32,358.67,2023-04-03,4,Apr,2,2023,48.67,1.948
FairWay Corp.,Brand F,Furniture,315.5,626.15,160,271,100184.0,50480.0,49704.0,2023-11-26,11,Nov,4,2023,49.61,1.985
Global Mart,Brand G,Clothing,304.14,558.97,131,11,73225.07,39842.34,33382.73,2023-06-28,6,Jun,2,2023,45.59,1.838
Cardinal Goods,Brand C,Office Supplies,36.22,69.38,49,403,3399.62,1774.78,1624.84,2023-08-18,8,Aug,3,2023,47.79,1.916
Apex Supplies,Brand A,Food & Beverage,194.5,400.15,147,300,58822.05,28591.5,30230.55,2023-04-16,4,Apr,2,2023,51.39,2.057
Eagle Exports,Brand E,Health & Beauty,123.71,266.52,60,191,15991.2,7422.6,8568.6,2023-08-30,8,Aug,3,2023,53.58,2.154
Blue Ridge Co.,Brand B,Food & Beverage,140.03,296.64,157,231,46572.48,21984.71,24587.77,2023-01-01,1,Jan,1,2023,52.79,2.118
Eagle Exports,Brand E,Food & Beverage,281.63,652.67,178,442,116175.26,50130.14,66045.12,2023-08-15,8,Aug,3,2023,56.85,2.317
Heritage Inc.,Brand H,Clothing,107.76,147.12,2,92,294.24,215.52,78.72,2023-07-05,7,Jul,3,2023,26.75,1.365
Icon Wholesale,Brand I,Food & Beverage,154.04,255.95,73,477,18684.35,11244.92,7439.43,2023-11-22,11,Nov,4,2023,39.82,1.662
Blue Ridge Co.,Brand B,Sporting Goods,126.17,306.2,184,217,56340.8,23215.28,33125.52,2023-09-26,9,Sep,3,2023,58.79,2.427
Cardinal Goods,Brand C,Electronics,474.77,785.85,145,277,113948.25,68841.65,45106.6,2023-09-23,9,Sep,3,2023,39.59,1.655
Cardinal Goods,Brand C,Furniture,472.89,602.85,188,352,113335.8,88903.32,24432.48,2023-05-27,5,May,2,2023,21.56,1.275
Apex Supplies,Brand A,Electronics,308.87,566.97,110,486,62366.7,33975.7,28391.0,2023-12-11,12,Dec,4,2023,45.52,1.836
Heritage Inc.,Brand H,Office Supplies,463.02,580.3,164,302,95169.2,75935.28,19233.92,2023-09-14,9,Sep,3,2023,20.21,1.253
FairWay Corp.,Brand F,Health & Beauty,395.05,546.75,61,28,33351.75,24098.05,9253.7,2023-04-23,4,Apr,2,2023,27.75,1.384
Heritage Inc.,Brand H,Furniture,299.07,746.97,17,469,12698.49,5084.19,7614.3,2023-08-28,8,Aug,3,2023,59.96,2.498
Icon Wholesale,Brand I,Food & Beverage,13.15,24.43,49,300,1197.07,644.35,552.72,2023-07-27,7,Jul,3,2023,46.17,1.858
Eagle Exports,Brand E,Health & Beauty,388.53,581.89,76,76,44223.64,29528.28,14695.36,2023-03-15,3,Mar,1,2023,33.23,1.498
Cardinal Goods,Brand C,Furniture,354.22,882.96,188,8,165996.48,66593.36,99403.12,2023-11-07,11,Nov,4,2023,59.88,2.493
Eagle Exports,Brand E,Sporting Goods,311.47,764.09,148,23,113085.32,46097.56,66987.76,2023-07-01,7,Jul,3,2023,59.24,2.453
Eagle Exports,Brand E,Sporting Goods,382.61,656.95,178,14,116937.1,68104.58,48832.52,2023-11-22,11,Nov,4,2023,41.76,1.717
Eagle Exports,Brand E,Sporting Goods,261.33,382.73,131,163,50137.63,34234.23,15903.4,2023-04-18,4,Apr,2,2023,31.72,1.465
Cardinal Goods,Brand C,Sporting Goods,355.0,807.18,43,12,34708.74,15265.0,19443.74,2023-04-13,4,Apr,2,2023,56.02,2.274
Junction LLC,Brand J,Food & Beverage,468.23,984.16,57,346,56097.12,26689.11,29408.01,2023-05-17,5,May,2,2023,52.42,2.102
Delta Traders,Brand D,Electronics,194.14,400.26,50,171,20013.0,9707.0,10306.0,2023-12-13,12,Dec,4,2023,51.5,2.062
Icon Wholesale,Brand I,Furniture,356.98,839.03,196,356,164449.88,69968.08,94481.8,2023-01-03,1,Jan,1,2023,57.45,2.35
Junction LLC,Brand J,Food & Beverage,243.09,502.03,178,326,89361.34,43270.02,46091.32,2023-08-13,8,Aug,3,2023,51.58,2.065
Icon Wholesale,Brand I,Sporting Goods,340.46,509.78,37,199,18861.86,12597.02,6264.84,2023-01-30,1,Jan,1,2023,33.21,1.497
Blue Ridge Co.,Brand B,Office Supplies,383.82,795.05,46,484,36572.3,17655.72,18916.58,2023-06-09,6,Jun,2,2023,51.72,2.071
Heritage Inc.,Brand H,Electronics,32.27,49.31,170,488,8382.7,5485.9,2896.8,2023-08-28,8,Aug,3,2023,34.56,1.528
Heritage Inc.,Brand H,Office Supplies,326.83,706.91,15,461,10603.65,4902.45,5701.2,2023-12-19,12,Dec,4,2023,53.77,2.163
Global Mart,Brand G,Health & Beauty,121.1,238.28,161,377,38363.08,19497.1,18865.98,2023-10-08,10,Oct,4,2023,49.18,1.968
Heritage Inc.,Brand H,Office Supplies,338.32,408.82,80,75,32705.6,27065.6,5640.0,2023-01-15,1,Jan,1,2023,17.24,1.208
Cardinal Goods,Brand C,Health & Beauty,239.48,435.37,139,163,60516.43,33287.72,27228.71,2023-09-23,9,Sep,3,2023,44.99,1.818
FairWay Corp.,Brand F,Health & Beauty,389.04,614.92,148,371,91008.16,57577.92,33430.24,2023-10-19,10,Oct,4,2023,36.73,1.581
Apex Supplies,Brand A,Sporting Goods,70.47,109.93,24,60,2638.32,1691.28,947.04,2023-04-22,4,Apr,2,2023,35.9,1.56
Global Mart,Brand G,Health & Beauty,316.9,615.79,125,487,76973.75,39612.5,37361.25,2023-12-28,12,Dec,4,2023,48.54,1.943
Apex Supplies,Brand A,Clothing,146.45,227.18,192,464,43618.56,28118.4,15500.16,2023-06-08,6,Jun,2,2023,35.54,1.551
Icon Wholesale,Brand I,Furniture,427.96,936.23,118,423,110475.14,50499.28,59975.86,2023-05-28,5,May,2,2023,54.29,2.188
Apex Supplies,Brand A,Furniture,464.91,557.48,80,244,44598.4,37192.8,7405.6,2023-11-28,11,Nov,4,2023,16.61,1.199
Apex Supplies,Brand A,Sporting Goods,498.24,1008.71,94,476,94818.74,46834.56,47984.18,2023-11-07,11,Nov,4,2023,50.61,2.025
Global Mart,Brand G,Clothing,400.04,893.24,65,381,58060.6,26002.6,32058.0,2023-07-20,7,Jul,3,2023,55.21,2.233
Blue Ridge Co.,Brand B,Office Supplies,379.33,774.58,88,154,68163.04,33381.04,34782.0,2023-07-15,7,Jul,3,2023,51.03,2.042
Eagle Exports,Brand E,Food & Beverage,115.6,207.63,88,256,18271.44,10172.8,8098.64,2023-05-20,5,May,2,2023,44.32,1.796
Heritage Inc.,Brand H,Office Supplies,174.64,424.45,145,243,61545.25,25322.8,36222.45,2023-01-15,1,Jan,1,2023,58.85,2.43
Heritage Inc.,Brand H,Food & Beverage,238.18,362.01,126,161,45613.26,30010.68,15602.58,2023-12-16,12,Dec,4,2023,34.21,1.52
Cardinal Goods,Brand C,Health & Beauty,388.96,438.29,89,67,39007.81,34617.44,4390.37,2023-11-14,11,Nov,4,2023,11.26,1.127
Global Mart,Brand G,Electronics,458.33,781.35,61,343,47662.35,27958.13,19704.22,2023-02-07,2,Feb,1,2023,41.34,1.705
Cardinal Goods,Brand C,Food & Beverage,102.68,117.69,15,276,1765.35,1540.2,225.15,2023-09-25,9,Sep,3,2023,12.75,1.146
FairWay Corp.,Brand F,Electronics,461.96,1125.11,94,160,105760.34,43424.24,62336.1,2023-12-30,12,Dec,4,2023,58.94,2.436
FairWay Corp.,Brand F,Furniture,350.86,489.06,51,390,24942.06,17893.86,7048.2,2023-10-22,10,Oct,4,2023,28.26,1.394
Cardinal Goods,Brand C,Electronics,309.28,681.81,27,448,18408.87,8350.56,10058.31,2023-04-05,4,Apr,2,2023,54.64,2.205
Global Mart,Brand G,Furniture,107.92,235.74,74,488,17444.76,7986.08,9458.68,2023-07-11,7,Jul,3,2023,54.22,2.184
Cardinal Goods,Brand C,Clothing,37.21,52.27,61,258,3188.47,2269.81,918.66,2023-08-30,8,Aug,3,2023,28.81,1.405
Heritage Inc.,Brand H,Clothing,288.55,568.36,186,491,105714.96,53670.3,52044.66,2023-06-30,6,Jun,2,2023,49.23,1.97
Junction LLC,Brand J,Sporting Goods,329.24,384.33,31,306,11914.23,10206.44,1707.79,2023-03-26,3,Mar,1,2023,14.33,1.167
Delta Traders,Brand D,Sporting Goods,113.28,201.3,12,334,2415.6,1359.36,1056.24,2023-10-05,10,Oct,4,2023,43.73,1.777
Apex Supplies,Brand A,Health & Beauty,282.66,316.72,46,94,14569.12,13002.36,1566.76,2023-09-25,9,Sep,3,2023,10.75,1.12
Delta Traders,Brand D,Food & Beverage,429.68,1026.76,159,437,163254.84,68319.12,94935.72,2023-04-25,4,Apr,2,2023,58.15,2.39
Global Mart,Brand G,Health & Beauty,419.18,1033.92,32,463,33085.44,13413.76,19671.68,2023-10-03,10,Oct,4,2023,59.46,2.467
Delta Traders,Brand D,Furniture,464.4,655.36,160,457,104857.6,74304.0,30553.6,2023-05-23,5,May,2,2023,29.14,1.411
FairWay Corp.,Brand F,Health & Beauty,189.28,263.35,181,245,47666.35,34259.68,13406.67,2023-09-22,9,Sep,3,2023,28.13,1.391
Icon Wholesale,Brand I,Electronics,165.84,357.42,61,220,21802.62,10116.24,11686.38,2023-04-12,4,Apr,2,2023,53.6,2.155
Apex Supplies,Brand A,Furniture,377.22,548.75,46,122,25242.5,17352.12,7890.38,2023-09-09,9,Sep,3,2023,31.26,1.455
Eagle Exports,Brand E,Sporting Goods,221.25,520.62,85,186,44252.7,18806.25,25446.45,2023-06-24,6,Jun,2,2023,57.5,2.353
Global Mart,Brand G,Clothing,52.9,100.7,80,261,8056.0,4232.0,3824.0,2023-01-17,1,Jan,1,2023,47.47,1.904
Apex Supplies,Brand A,Sporting Goods,148.57,236.39,135,412,31912.65,20056.95,11855.7,2023-07-15,7,Jul,3,2023,37.15,1.591
Delta Traders,Brand D,Food & Beverage,215.11,487.39,4,272,1949.56,860.44,1089.12,2023-11-16,11,Nov,4,2023,55.86,2.266
FairWay Corp.,Brand F,Furniture,153.33,274.58,52,372,14278.16,7973.16,6305.0,2023-06-06,6,Jun,2,2023,44.16,1.791
Blue Ridge Co.,Brand B,Furniture,172.78,410.57,159,59,65280.63,27472.02,37808.61,2023-10-21,10,Oct,4,2023,57.92,2.376
Junction LLC,Brand J,Electronics,153.95,369.36,112,405,41368.32,17242.4,24125.92,2023-08-12,8,Aug,3,2023,58.32,2.399
Eagle Exports,Brand E,Food & Beverage,30.33,40.39,36,407,1454.04,1091.88,362.16,2023-04-12,4,Apr,2,2023,24.91,1.332
Junction LLC,Brand J,Clothing,322.18,355.45,182,124,64691.9,58636.76,6055.14,2023-01-29,1,Jan,1,2023,9.36,1.103
Apex Supplies,Brand A,Office Supplies,302.67,749.87,54,336,40492.98,16344.18,24148.8,2023-01-01,1,Jan,1,2023,59.64,2.478
FairWay Corp.,Brand F,Furniture,330.16,782.01,119,340,93059.19,39289.04,53770.15,2023-09-09,9,Sep,3,2023,57.78,2.369
FairWay Corp.,Brand F,Furniture,104.23,122.74,127,50,15587.98,13237.21,2350.77,2023-05-31,5,May,2,2023,15.08,1.178
Delta Traders,Brand D,Electronics,154.87,350.97,17,177,5966.49,2632.79,3333.7,2023-10-17,10,Oct,4,2023,55.87,2.266
Heritage Inc.,Brand H,Health & Beauty,313.61,545.97,75,138,40947.75,23520.75,17427.0,2023-05-26,5,May,2,2023,42.56,1.741
Delta Traders,Brand D,Clothing,303.82,444.35,158,439,70207.3,48003.56,22203.74,2023-06-28,6,Jun,2,2023,31.63,1.463
Heritage Inc.,Brand H,Sporting Goods,258.1,601.44,105,326,63151.2,27100.5,36050.7,2023-07-16,7,Jul,3,2023,57.09,2.33
Heritage Inc.,Brand H,Food & Beverage,181.7,249.9,150,169,37485.0,27255.0,10230.0,2023-08-21,8,Aug,3,2023,27.29,1.375
Eagle Exports,Brand E,Furniture,457.34,1109.61,117,38,129824.37,53508.78,76315.59,2023-08-08,8,Aug,3,2023,58.78,2.426
Delta Traders,Brand D,Furniture,176.49,244.95,43,68,10532.85,7589.07,2943.78,2023-03-31,3,Mar,1,2023,27.95,1.388
Blue Ridge Co.,Brand B,Sporting Goods,233.25,456.97,112,235,51180.64,26124.0,25056.64,2023-05-02,5,May,2,2023,48.96,1.959
Cardinal Goods,Brand C,Clothing,342.28,483.41,115,47,55592.15,39362.2,16229.95,2023-07-12,7,Jul,3,2023,29.19,1.412
Cardinal Goods,Brand C,Health & Beauty,276.08,514.6,27,380,13894.2,7454.16,6440.04,2023-01-14,1,Jan,1,2023,46.35,1.864
Delta Traders,Brand D,Furniture,179.97,370.3,37,56,13701.1,6658.89,7042.21,2023-06-21,6,Jun,2,2023,51.4,2.058
Delta Traders,Brand D,Clothing,223.47,305.33,46,276,14045.18,10279.62,3765.56,2023-08-27,8,Aug,3,2023,26.81,1.366
Junction LLC,Brand J,Sporting Goods,399.3,730.42,113,337,82537.46,45120.9,37416.56,2023-03-09,3,Mar,1,2023,45.33,1.829
Eagle Exports,Brand E,Electronics,146.28,256.97,35,98,8993.95,5119.8,3874.15,2023-04-17,4,Apr,2,2023,43.08,1.757
Delta Traders,Brand D,Health & Beauty,79.71,95.61,132,403,12620.52,10521.72,2098.8,2023-03-01,3,Mar,1,2023,16.63,1.199
Junction LLC,Brand J,Food & Beverage,163.45,367.05,80,14,29364.0,13076.0,16288.0,2023-04-18,4,Apr,2,2023,55.47,2.246
Heritage Inc.,Brand H,Furniture,426.27,669.22,80,324,53537.6,34101.6,19436.0,2023-11-22,11,Nov,4,2023,36.3,1.57
FairWay Corp.,Brand F,Clothing,53.6,102.08,154,460,15720.32,8254.4,7465.92,2023-05-22,5,May,2,2023,47.49,1.904
FairWay Corp.,Brand F,Electronics,495.93,902.94,121,178,109255.74,60007.53,49248.21,2023-02-25,2,Feb,1,2023,45.08,1.821
Heritage Inc.,Brand H,Food & Beverage,275.09,500.27,147,331,73539.69,40438.23,33101.46,2023-04-16,4,Apr,2,2023,45.01,1.819
Global Mart,Brand G,Office Supplies,492.57,615.77,122,61,75123.94,60093.54,15030.4,2023-02-10,2,Feb,1,2023,20.01,1.25
Junction LLC,Brand J,Clothing,470.11,795.84,81,118,64463.04,38078.91,26384.13,2023-06-28,6,Jun,2,2023,40.93,1.693
Junction LLC,Brand J,Clothing,231.88,401.92,173,468,69532.16,40115.24,29416.92,2023-08-05,8,Aug,3,2023,42.31,1.733
Heritage Inc.,Brand H,Food & Beverage,107.26,228.15,154,36,35135.1,16518.04,18617.06,2023-10-01,10,Oct,4,2023,52.99,2.127
Blue Ridge Co.,Brand B,Electronics,90.79,206.64,150,133,30996.0,13618.5,17377.5,2023-09-27,9,Sep,3,2023,56.06,2.276
Icon Wholesale,Brand I,Office Supplies,127.59,237.7,119,454,28286.3,15183.21,13103.09,2023-03-10,3,Mar,1,2023,46.32,1.863
Apex Supplies,Brand A,Sporting Goods,357.96,437.25,58,25,25360.5,20761.68,4598.82,2023-08-15,8,Aug,3,2023,18.13,1.222
Heritage Inc.,Brand H,Electronics,143.75,205.79,63,489,12964.77,9056.25,3908.52,2023-11-07,11,Nov,4,2023,30.15,1.432
Delta Traders,Brand D,Health & Beauty,177.3,235.97,156,495,36811.32,27658.8,9152.52,2023-08-21,8,Aug,3,2023,24.86,1.331
Delta Traders,Brand D,Furniture,229.9,293.0,193,7,56549.0,44370.7,12178.3,2023-11-14,11,Nov,4,2023,21.54,1.274
Eagle Exports,Brand E,Food & Beverage,457.48,737.58,172,456,126863.76,78686.56,48177.2,2023-02-04,2,Feb,1,2023,37.98,1.612
Heritage Inc.,Brand H,Sporting Goods,102.8,146.09,100,474,14609.0,10280.0,4329.0,2023-08-10,8,Aug,3,2023,29.63,1.421
Eagle Exports,Brand E,Office Supplies,12.46,17.51,171,3,2994.21,2130.66,863.55,2023-09-15,9,Sep,3,2023,28.84,1.405
Heritage Inc.,Brand H,Food & Beverage,39.45,46.42,165,20,7659.3,6509.25,1150.05,2023-08-14,8,Aug,3,2023,15.02,1.177
Junction LLC,Brand J,Food & Beverage,453.34,509.89,66,414,33652.74,29920.44,3732.3,2023-09-12,9,Sep,3,2023,11.09,1.125
Apex Supplies,Brand A,Electronics,327.28,407.1,145,148,59029.5,47455.6,11573.9,2023-07-21,7,Jul,3,2023,19.61,1.244
Junction LLC,Brand J,Furniture,143.79,192.83,168,487,32395.44,24156.72,8238.72,2023-03-28,3,Mar,1,2023,25.43,1.341
Icon Wholesale,Brand I,Health & Beauty,96.82,164.92,166,24,27376.72,16072.12,11304.6,2023-10-26,10,Oct,4,2023,41.29,1.703
FairWay Corp.,Brand F,Clothing,154.19,279.81,85,486,23783.85,13106.15,10677.7,2023-06-03,6,Jun,2,2023,44.89,1.815
Cardinal Goods,Brand C,Clothing,66.25,85.91,189,142,16236.99,12521.25,3715.74,2023-11-30,11,Nov,4,2023,22.88,1.297
Heritage Inc.,Brand H,Food & Beverage,471.35,798.8,137,244,109435.6,64574.95,44860.65,2023-04-07,4,Apr,2,2023,40.99,1.695
Icon Wholesale,Brand I,Furniture,394.26,622.32,189,418,117618.48,74515.14,43103.34,2023-07-14,7,Jul,3,2023,36.65,1.578
FairWay Corp.,Brand F,Office Supplies,236.57,320.98,144,432,46221.12,34066.08,12155.04,2023-07-18,7,Jul,3,2023,26.3,1.357
Global Mart,Brand G,Office Supplies,433.83,481.37,123,42,59208.51,53361.09,5847.42,2023-06-25,6,Jun,2,2023,9.88,1.11
Apex Supplies,Brand A,Sporting Goods,132.23,231.91,2,424,463.82,264.46,199.36,2023-03-28,3,Mar,1,2023,42.98,1.754
Eagle Exports,Brand E,Electronics,361.39,744.43,106,292,78909.58,38307.34,40602.24,2023-08-01,8,Aug,3,2023,51.45,2.06
Eagle Exports,Brand E,Furniture,429.5,608.51,108,184,65719.08,46386.0,19333.08,2023-06-22,6,Jun,2,2023,29.42,1.417
Junction LLC,Brand J,Furniture,184.82,237.41,72,41,17093.52,13307.04,3786.48,2023-11-28,11,Nov,4,2023,22.15,1.285
Delta Traders,Brand D,Electronics,381.16,892.62,171,430,152638.02,65178.36,87459.66,2023-09-13,9,Sep,3,2023,57.3,2.342
FairWay Corp.,Brand F,Office Supplies,154.59,229.57,126,91,28925.82,19478.34,9447.48,2023-07-18,7,Jul,3,2023,32.66,1.485
Global Mart,Brand G,Office Supplies,156.44,221.06,170,316,37580.2,26594.8,10985.4,2023-04-04,4,Apr,2,2023,29.23,1.413
Icon Wholesale,Brand I,Office Supplies,62.46,143.65,57,397,8188.05,3560.22,4627.83,2023-07-23,7,Jul,3,2023,56.52,2.3
Apex Supplies,Brand A,Food & Beverage,225.63,506.3,81,323,41010.3,18276.03,22734.27,2023-12-10,12,Dec,4,2023,55.44,2.244
FairWay Corp.,Brand F,Furniture,367.56,635.03,195,52,123830.85,71674.2,52156.65,2023-03-19,3,Mar,1,2023,42.12,1.728
Global Mart,Brand G,Clothing,470.71,840.19,158,83,132750.02,74372.18,58377.84,2023-09-29,9,Sep,3,2023,43.98,1.785
Cardinal Goods,Brand C,Electronics,305.86,429.69,141,33,60586.29,43126.26,17460.03,2023-07-23,7,Jul,3,2023,28.82,1.405
Heritage Inc.,Brand H,Office Supplies,432.94,523.69,19,75,9950.11,8225.86,1724.25,2023-10-26,10,Oct,4,2023,17.33,1.21
Eagle Exports,Brand E,Sporting Goods,413.02,785.9,7,352,5501.3,2891.14,2610.16,2023-01-25,1,Jan,1,2023,47.45,1.903
Icon Wholesale,Brand I,Office Supplies,94.94,117.51,137,407,16098.87,13006.78,3092.09,2023-09-23,9,Sep,3,2023,19.21,1.238
Eagle Exports,Brand E,Office Supplies,248.05,428.87,54,403,23158.98,13394.7,9764.28,2023-09-06,9,Sep,3,2023,42.16,1.729
Icon Wholesale,Brand I,Health & Beauty,67.29,162.62,104,196,16912.48,6998.16,9914.32,2023-02-26,2,Feb,1,2023,58.62,2.417
Junction LLC,Brand J,Food & Beverage,344.26,837.92,86,485,72061.12,29606.36,42454.76,2023-04-18,4,Apr,2,2023,58.91,2.434
Delta Traders,Brand D,Electronics,475.45,682.3,82,285,55948.6,38986.9,16961.7,2023-08-13,8,Aug,3,2023,30.32,1.435
Icon Wholesale,Brand I,Health & Beauty,77.17,152.31,61,87,9290.91,4707.37,4583.54,2023-10-08,10,Oct,4,2023,49.33,1.974
Eagle Exports,Brand E,Health & Beauty,369.6,651.87,87,234,56712.69,32155.2,24557.49,2023-07-03,7,Jul,3,2023,43.3,1.764
Junction LLC,Brand J,Sporting Goods,319.8,743.84,2,231,1487.68,639.6,848.08,2023-01-29,1,Jan,1,2023,57.01,2.326
Icon Wholesale,Brand I,Furniture,295.97,438.04,178,6,77971.12,52682.66,25288.46,2023-08-24,8,Aug,3,2023,32.43,1.48
Cardinal Goods,Brand C,Sporting Goods,201.16,222.32,31,291,6891.92,6235.96,655.96,2023-05-01,5,May,2,2023,9.52,1.105
Delta Traders,Brand D,Furniture,184.01,244.29,33,37,8061.57,6072.33,1989.24,2023-12-10,12,Dec,4,2023,24.68,1.328
Icon Wholesale,Brand I,Furniture,32.17,51.13,80,463,4090.4,2573.6,1516.8,2023-12-27,12,Dec,4,2023,37.08,1.589
Junction LLC,Brand J,Electronics,116.78,180.08,11,51,1980.88,1284.58,696.3,2023-10-24,10,Oct,4,2023,35.15,1.542
FairWay Corp.,Brand F,Office Supplies,17.44,38.51,161,142,6200.11,2807.84,3392.27,2023-05-17,5,May,2,2023,54.71,2.208
Blue Ridge Co.,Brand B,Electronics,294.89,605.35,128,429,77484.8,37745.92,39738.88,2023-09-30,9,Sep,3,2023,51.29,2.053
Global Mart,Brand G,Food & Beverage,61.87,94.0,135,406,12690.0,8352.45,4337.55,2023-05-26,5,May,2,2023,34.18,1.519
Blue Ridge Co.,Brand B,Furniture,437.78,762.11,128,395,97550.08,56035.84,41514.24,2023-03-16,3,Mar,1,2023,42.56,1.741
Blue Ridge Co.,Brand B,Health & Beauty,266.34,328.61,31,220,10186.91,8256.54,1930.37,2023-09-30,9,Sep,3,2023,18.95,1.234
Apex Supplies,Brand A,Office Supplies,352.85,831.81,176,427,146398.56,62101.6,84296.96,2023-09-09,9,Sep,3,2023,57.58,2.357
Cardinal Goods,Brand C,Clothing,211.32,509.2,126,239,64159.2,26626.32,37532.88,2023-05-04,5,May,2,2023,58.5,2.41
FairWay Corp.,Brand F,Food & Beverage,284.68,703.65,47,142,33071.55,13379.96,19691.59,2023-08-10,8,Aug,3,2023,59.54,2.472
Heritage Inc.,Brand H,Electronics,471.9,1092.91,181,348,197816.71,85413.9,112402.81,2023-11-10,11,Nov,4,2023,56.82,2.316
Icon Wholesale,Brand I,Sporting Goods,50.54,67.9,107,492,7265.3,5407.78,1857.52,2023-08-24,8,Aug,3,2023,25.57,1.343
Global Mart,Brand G,Food & Beverage,134.43,156.57,19,362,2974.83,2554.17,420.66,2023-01-21,1,Jan,1,2023,14.14,1.165
Delta Traders,Brand D,Food & Beverage,392.19,749.65,81,381,60721.65,31767.39,28954.26,2023-06-13,6,Jun,2,2023,47.68,1.911
FairWay Corp.,Brand F,Office Supplies,58.38,138.81,123,48,17073.63,7180.74,9892.89,2023-10-09,10,Oct,4,2023,57.94,2.378
Eagle Exports,Brand E,Food & Beverage,47.07,63.46,134,276,8503.64,6307.38,2196.26,2023-07-16,7,Jul,3,2023,25.83,1.348
Heritage Inc.,Brand H,Food & Beverage,187.16,207.72,107,270,22226.04,20026.12,2199.92,2023-11-23,11,Nov,4,2023,9.9,1.11
Apex Supplies,Brand A,Clothing,55.16,122.88,49,13,6021.12,2702.84,3318.28,2023-01-12,1,Jan,1,2023,55.11,2.228
Apex Supplies,Brand A,Sporting Goods,296.69,358.26,73,297,26152.98,21658.37,4494.61,2023-05-05,5,May,2,2023,17.19,1.208
FairWay Corp.,Brand F,Sporting Goods,120.87,202.96,50,491,10148.0,6043.5,4104.5,2023-08-24,8,Aug,3,2023,40.45,1.679
Junction LLC,Brand J,Sporting Goods,448.89,920.42,81,463,74554.02,36360.09,38193.93,2023-10-05,10,Oct,4,2023,51.23,2.05
Blue Ridge Co.,Brand B,Furniture,393.92,563.9,95,14,53570.5,37422.4,16148.1,2023-11-03,11,Nov,4,2023,30.14,1.432
Eagle Exports,Brand E,Health & Beauty,352.86,429.62,12,233,5155.44,4234.32,921.12,2023-09-10,9,Sep,3,2023,17.87,1.218
Apex Supplies,Brand A,Sporting Goods,312.3,680.2,23,62,15644.6,7182.9,8461.7,2023-01-27,1,Jan,1,2023,54.09,2.178
Global Mart,Brand G,Food & Beverage,433.1,858.51,54,195,46359.54,23387.4,22972.14,2023-06-21,6,Jun,2,2023,49.55,1.982
Apex Supplies,Brand A,Food & Beverage,119.3,296.33,118,26,34966.94,14077.4,20889.54,2023-08-13,8,Aug,3,2023,59.74,2.484
Delta Traders,Brand D,Sporting Goods,437.82,692.64,197,470,136450.08,86250.54,50199.54,2023-08-27,8,Aug,3,2023,36.79,1.582
Icon Wholesale,Brand I,Office Supplies,396.85,470.85,59,92,27780.15,23414.15,4366.0,2023-07-08,7,Jul,3,2023,15.72,1.186
Apex Supplies,Brand A,Sporting Goods,376.6,801.44,164,104,131436.16,61762.4,69673.76,2023-05-15,5,May,2,2023,53.01,2.128
Delta Traders,Brand D,Food & Beverage,285.02,521.71,3,308,1565.13,855.06,710.07,2023-02-03,2,Feb,1,2023,45.37,1.83
FairWay Corp.,Brand F,Furniture,130.66,182.73,58,51,10598.34,7578.28,3020.06,2023-10-18,10,Oct,4,2023,28.5,1.399
FairWay Corp.,Brand F,Electronics,217.54,477.37,183,318,87358.71,39809.82,47548.89,2023-10-22,10,Oct,4,2023,54.43,2.194
Heritage Inc.,Brand H,Electronics,398.85,552.51,57,456,31493.07,22734.45,8758.62,2023-09-28,9,Sep,3,2023,27.81,1.385
Apex Supplies,Brand A,Sporting Goods,25.57,37.46,145,180,5431.7,3707.65,1724.05,2023-07-30,7,Jul,3,2023,31.74,1.465
Global Mart,Brand G,Clothing,393.2,483.46,167,56,80737.82,65664.4,15073.42,2023-06-01,6,Jun,2,2023,18.67,1.23
Apex Supplies,Brand A,Sporting Goods,127.63,211.76,90,119,19058.4,11486.7,7571.7,2023-05-28,5,May,2,2023,39.73,1.659
Global Mart,Brand G,Office Supplies,80.71,136.12,196,307,26679.52,15819.16,10860.36,2023-01-31,1,Jan,1,2023,40.71,1.687
Cardinal Goods,Brand C,Sporting Goods,66.69,121.4,55,362,6677.0,3667.95,3009.05,2023-02-08,2,Feb,1,2023,45.07,1.82
Heritage Inc.,Brand H,Electronics,23.35,48.86,45,42,2198.7,1050.75,1147.95,2023-12-30,12,Dec,4,2023,52.21,2.093
Cardinal Goods,Brand C,Food & Beverage,266.56,631.36,1,134,631.36,266.56,364.8,2023-10-10,10,Oct,4,2023,57.78,2.369
Apex Supplies,Brand A,Sporting Goods,116.95,151.2,21,372,3175.2,2455.95,719.25,2023-12-03,12,Dec,4,2023,22.65,1.293
Heritage Inc.,Brand H,Food & Beverage,494.82,581.95,21,425,12220.95,10391.22,1829.73,2023-10-05,10,Oct,4,2023,14.97,1.176
Cardinal Goods,Brand C,Food & Beverage,291.47,328.18,52,259,17065.36,15156.44,1908.92,2023-10-18,10,Oct,4,2023,11.19,1.126
Blue Ridge Co.,Brand B,Clothing,77.56,100.91,82,196,8274.62,6359.92,1914.7,2023-10-23,10,Oct,4,2023,23.14,1.301
Apex Supplies,Brand A,Food & Beverage,347.49,702.32,171,132,120096.72,59420.79,60675.93,2023-01-05,1,Jan,1,2023,50.52,2.021
Cardinal Goods,Brand C,Electronics,449.89,953.08,180,458,171554.4,80980.2,90574.2,2023-07-04,7,Jul,3,2023,52.8,2.118
Blue Ridge Co.,Brand B,Furniture,375.14,825.72,67,254,55323.24,25134.38,30188.86,2023-07-18,7,Jul,3,2023,54.57,2.201
Blue Ridge Co.,Brand B,Furniture,47.46,68.4,113,488,7729.2,5362.98,2366.22,2023-05-24,5,May,2,2023,30.61,1.441
FairWay Corp.,Brand F,Health & Beauty,448.98,686.15,44,219,30190.6,19755.12,10435.48,2023-03-16,3,Mar,1,2023,34.57,1.528
Apex Supplies,Brand A,Office Supplies,399.03,708.83,160,335,113412.8,63844.8,49568.0,2023-10-14,10,Oct,4,2023,43.71,1.776
Blue Ridge Co.,Brand B,Sporting Goods,87.57,104.07,10,40,1040.7,875.7,165.0,2023-07-26,7,Jul,3,2023,15.85,1.188
FairWay Corp.,Brand F,Office Supplies,35.38,69.19,64,477,4428.16,2264.32,2163.84,2023-01-14,1,Jan,1,2023,48.87,1.956
Cardinal Goods,Brand C,Electronics,283.08,701.25,69,387,48386.25,19532.52,28853.73,2023-04-16,4,Apr,2,2023,59.63,2.477
Delta Traders,Brand D,Food & Beverage,86.46,138.78,68,254,9437.04,5879.28,3557.76,2023-05-04,5,May,2,2023,37.7,1.605
Apex Supplies,Brand A,Furniture,418.95,902.41,28,1,25267.48,11730.6,13536.88,2023-08-22,8,Aug,3,2023,53.57,2.154
Heritage Inc.,Brand H,Office Supplies,185.58,334.05,181,493,60463.05,33589.98,26873.07,2023-09-11,9,Sep,3,2023,44.45,1.8
Global Mart,Brand G,Electronics,457.32,584.88,116,194,67846.08,53049.12,14796.96,2023-05-23,5,May,2,2023,21.81,1.279
Global Mart,Brand G,Furniture,287.19,550.01,51,241,28050.51,14646.69,13403.82,2023-06-04,6,Jun,2,2023,47.78,1.915
Cardinal Goods,Brand C,Food & Beverage,99.51,151.24,181,148,27374.44,18011.31,9363.13,2023-06-08,6,Jun,2,2023,34.2,1.52
Junction LLC,Brand J,Office Supplies,78.4,90.02,4,197,360.08,313.6,46.48,2023-02-12,2,Feb,1,2023,12.91,1.148
Junction LLC,Brand J,Furniture,292.47,581.69,79,298,45953.51,23105.13,22848.38,2023-05-13,5,May,2,2023,49.72,1.989
Cardinal Goods,Brand C,Sporting Goods,383.32,882.6,17,244,15004.2,6516.44,8487.76,2023-09-10,9,Sep,3,2023,56.57,2.303
Blue Ridge Co.,Brand B,Sporting Goods,392.94,621.9,108,337,67165.2,42437.52,24727.68,2023-08-27,8,Aug,3,2023,36.82,1.583
Apex Supplies,Brand A,Health & Beauty,145.12,238.93,195,107,46591.35,28298.4,18292.95,2023-03-10,3,Mar,1,2023,39.26,1.646
Global Mart,Brand G,Health & Beauty,110.08,258.41,74,452,19122.34,8145.92,10976.42,2023-05-01,5,May,2,2023,57.4,2.347
Global Mart,Brand G,Furniture,18.21,40.77,175,392,7134.75,3186.75,3948.0,2023-05-31,5,May,2,2023,55.33,2.239
Blue Ridge Co.,Brand B,Electronics,342.81,720.22,184,211,132520.48,63077.04,69443.44,2023-06-14,6,Jun,2,2023,52.4,2.101
Global Mart,Brand G,Sporting Goods,47.52,68.82,23,155,1582.86,1092.96,489.9,2023-03-10,3,Mar,1,2023,30.95,1.448
Heritage Inc.,Brand H,Electronics,216.17,513.25,18,25,9238.5,3891.06,5347.44,2023-04-23,4,Apr,2,2023,57.88,2.374
Apex Supplies,Brand A,Electronics,304.82,401.2,129,81,51754.8,39321.78,12433.02,2023-04-29,4,Apr,2,2023,24.02,1.316
Icon Wholesale,Brand I,Furniture,469.18,927.79,35,82,32472.65,16421.3,16051.35,2023-07-20,7,Jul,3,2023,49.43,1.977
Global Mart,Brand G,Electronics,162.78,185.62,64,130,11879.68,10417.92,1461.76,2023-07-07,7,Jul,3,2023,12.3,1.14
Cardinal Goods,Brand C,Sporting Goods,132.39,264.94,186,328,49278.84,24624.54,24654.3,2023-02-05,2,Feb,1,2023,50.03,2.001
Heritage Inc.,Brand H,Food & Beverage,330.54,491.84,59,99,29018.56,19501.86,9516.7,2023-05-27,5,May,2,2023,32.8,1.488
Global Mart,Brand G,Health & Beauty,313.43,542.09,1,255,542.09,313.43,228.66,2023-11-27,11,Nov,4,2023,42.18,1.73
Heritage Inc.,Brand H,Food & Beverage,172.73,273.5,131,478,35828.5,22627.63,13200.87,2023-06-12,6,Jun,2,2023,36.84,1.583
FairWay Corp.,Brand F,Electronics,464.77,623.66,67,48,41785.22,31139.59,10645.63,2023-10-28,10,Oct,4,2023,25.48,1.342
Icon Wholesale,Brand I,Food & Beverage,423.98,835.57,37,400,30916.09,15687.26,15228.83,2023-08-28,8,Aug,3,2023,49.26,1.971
Eagle Exports,Brand E,Sporting Goods,119.75,279.59,29,62,8108.11,3472.75,4635.36,2023-07-17,7,Jul,3,2023,57.17,2.335
Cardinal Goods,Brand C,Sporting Goods,127.18,310.66,89,310,27648.74,11319.02,16329.72,2023-06-20,6,Jun,2,2023,59.06,2.443
Cardinal Goods,Brand C,Electronics,261.03,357.42,161,406,57544.62,42025.83,15518.79,2023-09-15,9,Sep,3,2023,26.97,1.369
Apex Supplies,Brand A,Furniture,389.05,818.69,100,289,81869.0,38905.0,42964.0,2023-06-04,6,Jun,2,2023,52.48,2.104
Heritage Inc.,Brand H,Food & Beverage,31.58,64.11,189,104,12116.79,5968.62,6148.17,2023-05-29,5,May,2,2023,50.74,2.03
Blue Ridge Co.,Brand B,Furniture,349.73,552.83,122,104,67445.26,42667.06,24778.2,2023-12-17,12,Dec,4,2023,36.74,1.581
Cardinal Goods,Brand C,Furniture,327.64,369.16,90,324,33224.4,29487.6,3736.8,2023-10-16,10,Oct,4,2023,11.25,1.127
Heritage Inc.,Brand H,Clothing,123.43,254.97,132,14,33656.04,16292.76,17363.28,2023-04-13,4,Apr,2,2023,51.59,2.066
Heritage Inc.,Brand H,Electronics,343.86,833.41,14,174,11667.74,4814.04,6853.7,2023-04-26,4,Apr,2,2023,58.74,2.424
Delta Traders,Brand D,Health & Beauty,470.69,934.3,161,258,150422.3,75781.09,74641.21,2023-05-04,5,May,2,2023,49.62,1.985
Delta Traders,Brand D,Sporting Goods,32.93,56.29,150,210,8443.5,4939.5,3504.0,2023-07-05,7,Jul,3,2023,41.5,1.709
Eagle Exports,Brand E,Sporting Goods,166.63,305.8,176,411,53820.8,29326.88,24493.92,2023-01-02,1,Jan,1,2023,45.51,1.835
FairWay Corp.,Brand F,Electronics,224.71,309.98,131,258,40607.38,29437.01,11170.37,2023-09-11,9,Sep,3,2023,27.51,1.379
Eagle Exports,Brand E,Office Supplies,450.64,969.22,85,101,82383.7,38304.4,44079.3,2023-07-14,7,Jul,3,2023,53.5,2.151
Global Mart,Brand G,Office Supplies,481.51,1032.83,151,259,155957.33,72708.01,83249.32,2023-03-04,3,Mar,1,2023,53.38,2.145
Blue Ridge Co.,Brand B,Office Supplies,227.62,296.75,196,343,58163.0,44613.52,13549.48,2023-11-21,11,Nov,4,2023,23.3,1.304
Global Mart,Brand G,Health & Beauty,377.51,879.28,21,158,18464.88,7927.71,10537.17,2023-05-25,5,May,2,2023,57.07,2.329
Junction LLC,Brand J,Sporting Goods,270.51,399.51,171,44,68316.21,46257.21,22059.0,2023-09-12,9,Sep,3,2023,32.29,1.477
Global Mart,Brand G,Electronics,273.51,676.98,26,442,17601.48,7111.26,10490.22,2023-10-26,10,Oct,4,2023,59.6,2.475
Apex Supplies,Brand A,Sporting Goods,146.27,239.31,41,300,9811.71,5997.07,3814.64,2023-07-11,7,Jul,3,2023,38.88,1.636
Global Mart,Brand G,Furniture,116.31,156.91,122,250,19143.02,14189.82,4953.2,2023-08-10,8,Aug,3,2023,25.87,1.349
Eagle Exports,Brand E,Food & Beverage,151.12,240.64,38,330,9144.32,5742.56,3401.76,2023-12-22,12,Dec,4,2023,37.2,1.592
Cardinal Goods,Brand C,Food & Beverage,282.6,485.01,88,164,42680.88,24868.8,17812.08,2023-06-04,6,Jun,2,2023,41.73,1.716
Cardinal Goods,Brand C,Sporting Goods,24.29,29.08,11,192,319.88,267.19,52.69,2023-09-09,9,Sep,3,2023,16.47,1.197
Delta Traders,Brand D,Clothing,454.55,867.97,29,8,25171.13,13181.95,11989.18,2023-01-12,1,Jan,1,2023,47.63,1.91
Blue Ridge Co.,Brand B,Health & Beauty,86.58,167.68,60,400,10060.8,5194.8,4866.0,2023-07-17,7,Jul,3,2023,48.37,1.937
Blue Ridge Co.,Brand B,Office Supplies,117.84,251.53,195,373,49048.35,22978.8,26069.55,2023-03-18,3,Mar,1,2023,53.15,2.135
Apex Supplies,Brand A,Health & Beauty,263.96,301.14,193,64,58120.02,50944.28,7175.74,2023-11-27,11,Nov,4,2023,12.35,1.141
Eagle Exports,Brand E,Health & Beauty,357.96,664.99,61,386,40564.39,21835.56,18728.83,2023-04-26,4,Apr,2,2023,46.17,1.858
Delta Traders,Brand D,Furniture,56.91,66.82,147,494,9822.54,8365.77,1456.77,2023-05-25,5,May,2,2023,14.83,1.174
Junction LLC,Brand J,Health & Beauty,165.67,344.86,174,281,60005.64,28826.58,31179.06,2023-04-11,4,Apr,2,2023,51.96,2.082
Blue Ridge Co.,Brand B,Food & Beverage,484.65,570.93,177,180,101054.61,85783.05,15271.56,2023-09-13,9,Sep,3,2023,15.11,1.178
Cardinal Goods,Brand C,Furniture,138.55,329.25,22,414,7243.5,3048.1,4195.4,2023-08-25,8,Aug,3,2023,57.92,2.376
Global Mart,Brand G,Electronics,163.39,340.33,78,281,26545.74,12744.42,13801.32,2023-04-21,4,Apr,2,2023,51.99,2.083
Global Mart,Brand G,Health & Beauty,419.88,760.13,113,278,85894.69,47446.44,38448.25,2023-09-22,9,Sep,3,2023,44.76,1.81
Delta Traders,Brand D,Health & Beauty,34.61,59.46,185,29,11000.1,6402.85,4597.25,2023-07-27,7,Jul,3,2023,41.79,1.718
Eagle Exports,Brand E,Electronics,237.66,304.9,123,265,37502.7,29232.18,8270.52,2023-11-08,11,Nov,4,2023,22.05,1.283
Eagle Exports,Brand E,Health & Beauty,196.01,295.47,142,327,41956.74,27833.42,14123.32,2023-07-28,7,Jul,3,2023,33.66,1.507
FairWay Corp.,Brand F,Electronics,165.13,382.53,44,491,16831.32,7265.72,9565.6,2023-04-06,4,Apr,2,2023,56.83,2.317
Icon Wholesale,Brand I,Furniture,149.99,354.91,144,216,51107.04,21598.56,29508.48,2023-06-13,6,Jun,2,2023,57.74,2.366
Blue Ridge Co.,Brand B,Food & Beverage,54.77,60.3,97,319,5849.1,5312.69,536.41,2023-09-20,9,Sep,3,2023,9.17,1.101
Eagle Exports,Brand E,Electronics,164.26,317.32,77,405,24433.64,12648.02,11785.62,2023-01-30,1,Jan,1,2023,48.24,1.932
Cardinal Goods,Brand C,Clothing,31.1,65.53,140,398,9174.2,4354.0,4820.2,2023-05-24,5,May,2,2023,52.54,2.107
Delta Traders,Brand D,Electronics,392.67,772.09,55,378,42464.95,21596.85,20868.1,2023-06-15,6,Jun,2,2023,49.14,1.966
Junction LLC,Brand J,Health & Beauty,205.13,249.1,51,104,12704.1,10461.63,2242.47,2023-11-08,11,Nov,4,2023,17.65,1.214
FairWay Corp.,Brand F,Office Supplies,227.51,319.61,102,183,32600.22,23206.02,9394.2,2023-06-28,6,Jun,2,2023,28.82,1.405
Heritage Inc.,Brand H,Office Supplies,447.86,649.61,167,329,108484.87,74792.62,33692.25,2023-09-05,9,Sep,3,2023,31.06,1.45
Apex Supplies,Brand A,Furniture,332.45,752.8,161,147,121200.8,53524.45,67676.35,2023-03-10,3,Mar,1,2023,55.84,2.264
Junction LLC,Brand J,Sporting Goods,13.95,24.39,161,104,3926.79,2245.95,1680.84,2023-09-03,9,Sep,3,2023,42.8,1.748
Heritage Inc.,Brand H,Furniture,472.16,841.18,29,46,24394.22,13692.64,10701.58,2023-02-01,2,Feb,1,2023,43.87,1.782
Global Mart,Brand G,Sporting Goods,126.2,304.0,69,86,20976.0,8707.8,12268.2,2023-07-01,7,Jul,3,2023,58.49,2.409
Apex Supplies,Brand A,Office Supplies,62.73,124.95,198,308,24740.1,12420.54,12319.56,2023-11-26,11,Nov,4,2023,49.8,1.992
Blue Ridge Co.,Brand B,Office Supplies,386.38,911.14,159,436,144871.26,61434.42,83436.84,2023-01-12,1,Jan,1,2023,57.59,2.358
Cardinal Goods,Brand C,Electronics,255.23,443.87,80,128,35509.6,20418.4,15091.2,2023-07-24,7,Jul,3,2023,42.5,1.739
Apex Supplies,Brand A,Food & Beverage,222.55,291.36,31,257,9032.16,6899.05,2133.11,2023-09-02,9,Sep,3,2023,23.62,1.309
Icon Wholesale,Brand I,Clothing,132.26,317.68,112,313,35580.16,14813.12,20767.04,2023-06-27,6,Jun,2,2023,58.37,2.402
Heritage Inc.,Brand H,Furniture,278.26,484.78,46,146,22299.88,12799.96,9499.92,2023-01-12,1,Jan,1,2023,42.6,1.742
Blue Ridge Co.,Brand B,Health & Beauty,144.45,195.63,97,445,18976.11,14011.65,4964.46,2023-12-06,12,Dec,4,2023,26.16,1.354
Icon Wholesale,Brand I,Sporting Goods,451.78,688.22,52,461,35787.44,23492.56,12294.88,2023-10-15,10,Oct,4,2023,34.36,1.523
Global Mart,Brand G,Health & Beauty,115.45,135.21,138,71,18658.98,15932.1,2726.88,2023-10-23,10,Oct,4,2023,14.61,1.171
Icon Wholesale,Brand I,Food & Beverage,443.33,778.32,74,485,57595.68,32806.42,24789.26,2023-03-25,3,Mar,1,2023,43.04,1.756
FairWay Corp.,Brand F,Sporting Goods,284.11,651.86,41,139,26726.26,11648.51,15077.75,2023-10-19,10,Oct,4,2023,56.42,2.294
FairWay Corp.,Brand F,Furniture,415.96,1001.22,77,409,77093.94,32028.92,45065.02,2023-03-24,3,Mar,1,2023,58.45,2.407
Delta Traders,Brand D,Electronics,359.29,864.32,131,26,113225.92,47066.99,66158.93,2023-08-22,8,Aug,3,2023,58.43,2.406
Junction LLC,Brand J,Health & Beauty,351.38,448.12,187,28,83798.44,65708.06,18090.38,2023-12-23,12,Dec,4,2023,21.59,1.275
Junction LLC,Brand J,Food & Beverage,168.93,276.18,114,270,31484.52,19258.02,12226.5,2023-11-13,11,Nov,4,2023,38.83,1.635
Blue Ridge Co.,Brand B,Furniture,124.61,142.0,52,173,7384.0,6479.72,904.28,2023-09-21,9,Sep,3,2023,12.25,1.14
Global Mart,Brand G,Office Supplies,113.33,260.35,162,252,42176.7,18359.46,23817.24,2023-06-28,6,Jun,2,2023,56.47,2.297
Eagle Exports,Brand E,Office Supplies,430.02,689.0,177,384,121953.0,76113.54,45839.46,2023-12-23,12,Dec,4,2023,37.59,1.602
FairWay Corp.,Brand F,Furniture,412.01,817.25,156,59,127491.0,64273.56,63217.44,2023-02-02,2,Feb,1,2023,49.59,1.984
Blue Ridge Co.,Brand B,Furniture,225.88,474.54,87,106,41284.98,19651.56,21633.42,2023-12-22,12,Dec,4,2023,52.4,2.101
Eagle Exports,Brand E,Furniture,74.88,127.43,109,219,13889.87,8161.92,5727.95,2023-02-20,2,Feb,1,2023,41.24,1.702
Junction LLC,Brand J,Sporting Goods,197.3,301.68,141,440,42536.88,27819.3,14717.58,2023-03-04,3,Mar,1,2023,34.6,1.529
Delta Traders,Brand D,Furniture,313.48,767.12,69,258,52931.28,21630.12,31301.16,2023-07-09,7,Jul,3,2023,59.14,2.447
Icon Wholesale,Brand I,Health & Beauty,232.66,570.08,120,370,68409.6,27919.2,40490.4,2023-02-23,2,Feb,1,2023,59.19,2.45
FairWay Corp.,Brand F,Food & Beverage,392.29,590.48,67,145,39562.16,26283.43,13278.73,2023-02-06,2,Feb,1,2023,33.56,1.505
Blue Ridge Co.,Brand B,Sporting Goods,498.84,883.68,61,51,53904.48,30429.24,23475.24,2023-06-24,6,Jun,2,2023,43.55,1.771
Apex Supplies,Brand A,Furniture,103.65,255.18,188,59,47973.84,19486.2,28487.64,2023-05-05,5,May,2,2023,59.38,2.462
Eagle Exports,Brand E,Clothing,235.23,260.36,71,33,18485.56,16701.33,1784.23,2023-12-20,12,Dec,4,2023,9.65,1.107
Icon Wholesale,Brand I,Clothing,221.18,371.08,152,95,56404.16,33619.36,22784.8,2023-11-24,11,Nov,4,2023,40.4,1.678
FairWay Corp.,Brand F,Food & Beverage,159.2,197.51,191,476,37724.41,30407.2,7317.21,2023-08-10,8,Aug,3,2023,19.4,1.241
Junction LLC,Brand J,Office Supplies,107.07,194.1,189,88,36684.9,20236.23,16448.67,2023-08-02,8,Aug,3,2023,44.84,1.813
Global Mart,Brand G,Electronics,42.19,47.87,151,315,7228.37,6370.69,857.68,2023-03-10,3,Mar,1,2023,11.87,1.135
Eagle Exports,Brand E,Electronics,444.69,742.48,30,409,22274.4,13340.7,8933.7,2023-12-14,12,Dec,4,2023,40.11,1.67
Junction LLC,Brand J,Office Supplies,215.73,303.96,188,230,57144.48,40557.24,16587.24,2023-01-07,1,Jan,1,2023,29.03,1.409
FairWay Corp.,Brand F,Sporting Goods,253.48,468.08,146,455,68339.68,37008.08,31331.6,2023-09-11,9,Sep,3,2023,45.85,1.847
Eagle Exports,Brand E,Sporting Goods,459.3,1145.67,96,274,109984.32,44092.8,65891.52,2023-01-06,1,Jan,1,2023,59.91,2.494
Icon Wholesale,Brand I,Sporting Goods,390.38,866.94,56,245,48548.64,21861.28,26687.36,2023-05-21,5,May,2,2023,54.97,2.221
FairWay Corp.,Brand F,Electronics,73.95,168.89,53,110,8951.17,3919.35,5031.82,2023-02-10,2,Feb,1,2023,56.21,2.284
Heritage Inc.,Brand H,Clothing,287.06,571.07,7,233,3997.49,2009.42,1988.07,2023-01-10,1,Jan,1,2023,49.73,1.989
Blue Ridge Co.,Brand B,Electronics,226.7,262.56,97,277,25468.32,21989.9,3478.42,2023-12-23,12,Dec,4,2023,13.66,1.158
Icon Wholesale,Brand I,Health & Beauty,400.63,556.68,197,476,109665.96,78924.11,30741.85,2023-05-24,5,May,2,2023,28.03,1.39
Eagle Exports,Brand E,Furniture,364.87,873.9,113,416,98750.7,41230.31,57520.39,2023-09-08,9,Sep,3,2023,58.25,2.395
Global Mart,Brand G,Sporting Goods,348.3,561.65,125,165,70206.25,43537.5,26668.75,2023-09-15,9,Sep,3,2023,37.99,1.613
Junction LLC,Brand J,Clothing,176.87,220.22,180,127,39639.6,31836.6,7803.0,2023-01-14,1,Jan,1,2023,19.68,1.245
Apex Supplies,Brand A,Food & Beverage,404.43,842.58,132,236,111220.56,53384.76,57835.8,2023-03-31,3,Mar,1,2023,52.0,2.083
Junction LLC,Brand J,Food & Beverage,35.67,54.19,162,493,8778.78,5778.54,3000.24,2023-11-08,11,Nov,4,2023,34.18,1.519
Eagle Exports,Brand E,Furniture,88.22,130.25,197,290,25659.25,17379.34,8279.91,2023-10-09,10,Oct,4,2023,32.27,1.476
Junction LLC,Brand J,Clothing,174.46,435.66,161,106,70141.26,28088.06,42053.2,2023-12-30,12,Dec,4,2023,59.96,2.497
Blue Ridge Co.,Brand B,Electronics,47.64,109.64,121,127,13266.44,5764.44,7502.0,2023-01-22,1,Jan,1,2023,56.55,2.301
FairWay Corp.,Brand F,Electronics,125.15,209.14,197,194,41200.58,24654.55,16546.03,2023-02-20,2,Feb,1,2023,40.16,1.671
Apex Supplies,Brand A,Health & Beauty,416.77,1030.41,38,338,39155.58,15837.26,23318.32,2023-11-16,11,Nov,4,2023,59.55,2.472
Cardinal Goods,Brand C,Health & Beauty,474.64,954.1,122,393,116400.2,57906.08,58494.12,2023-08-07,8,Aug,3,2023,50.25,2.01
Eagle Exports,Brand E,Electronics,159.26,340.63,26,474,8856.38,4140.76,4715.62,2023-05-16,5,May,2,2023,53.25,2.139
Delta Traders,Brand D,Food & Beverage,139.61,159.73,129,142,20605.17,18009.69,2595.48,2023-06-22,6,Jun,2,2023,12.6,1.144
Cardinal Goods,Brand C,Sporting Goods,147.15,186.92,4,394,747.68,588.6,159.08,2023-05-19,5,May,2,2023,21.28,1.27
Junction LLC,Brand J,Food & Beverage,146.08,290.16,39,110,11316.24,5697.12,5619.12,2023-02-23,2,Feb,1,2023,49.66,1.986
Eagle Exports,Brand E,Health & Beauty,27.61,65.12,54,89,3516.48,1490.94,2025.54,2023-07-05,7,Jul,3,2023,57.6,2.359
Heritage Inc.,Brand H,Furniture,464.19,915.96,161,250,147469.56,74734.59,72734.97,2023-09-26,9,Sep,3,2023,49.32,1.973
Delta Traders,Brand D,Electronics,114.71,147.7,33,279,4874.1,3785.43,1088.67,2023-12-05,12,Dec,4,2023,22.34,1.288
Apex Supplies,Brand A,Health & Beauty,215.8,272.35,20,332,5447.0,4316.0,1131.0,2023-10-08,10,Oct,4,2023,20.76,1.262
Global Mart,Brand G,Health & Beauty,14.75,33.66,16,223,538.56,236.0,302.56,2023-07-10,7,Jul,3,2023,56.18,2.282
Heritage Inc.,Brand H,Sporting Goods,430.4,557.38,149,100,83049.62,64129.6,18920.02,2023-07-19,7,Jul,3,2023,22.78,1.295
Cardinal Goods,Brand C,Electronics,368.27,673.32,173,131,116484.36,63710.71,52773.65,2023-06-03,6,Jun,2,2023,45.31,1.828
FairWay Corp.,Brand F,Sporting Goods,473.91,545.92,127,12,69331.84,60186.57,9145.27,2023-07-12,7,Jul,3,2023,13.19,1.152
Blue Ridge Co.,Brand B,Electronics,392.99,476.67,87,456,41470.29,34190.13,7280.16,2023-10-06,10,Oct,4,2023,17.56,1.213
Global Mart,Brand G,Sporting Goods,163.72,334.2,82,440,27404.4,13425.04,13979.36,2023-12-16,12,Dec,4,2023,51.01,2.041
Heritage Inc.,Brand H,Food & Beverage,131.46,271.45,62,496,16829.9,8150.52,8679.38,2023-08-17,8,Aug,3,2023,51.57,2.065
FairWay Corp.,Brand F,Furniture,351.88,555.29,31,97,17213.99,10908.28,6305.71,2023-11-15,11,Nov,4,2023,36.63,1.578
FairWay Corp.,Brand F,Furniture,188.42,264.14,42,119,11093.88,7913.64,3180.24,2023-04-01,4,Apr,2,2023,28.67,1.402
Eagle Exports,Brand E,Electronics,287.45,643.66,12,292,7723.92,3449.4,4274.52,2023-02-07,2,Feb,1,2023,55.34,2.239
Heritage Inc.,Brand H,Clothing,13.07,18.35,65,303,1192.75,849.55,343.2,2023-03-19,3,Mar,1,2023,28.77,1.404
Apex Supplies,Brand A,Office Supplies,40.32,74.95,73,198,5471.35,2943.36,2527.99,2023-12-24,12,Dec,4,2023,46.2,1.859
Junction LLC,Brand J,Health & Beauty,272.33,668.7,131,0,87599.7,35675.23,51924.47,2023-01-08,1,Jan,1,2023,59.27,2.455
Delta Traders,Brand D,Health & Beauty,287.38,375.6,115,59,43194.0,33048.7,10145.3,2023-07-22,7,Jul,3,2023,23.49,1.307
Delta Traders,Brand D,Electronics,378.21,914.22,137,249,125248.14,51814.77,73433.37,2023-12-22,12,Dec,4,2023,58.63,2.417
Cardinal Goods,Brand C,Sporting Goods,74.66,101.24,106,139,10731.44,7913.96,2817.48,2023-12-04,12,Dec,4,2023,26.25,1.356
Cardinal Goods,Brand C,Clothing,261.46,495.32,179,148,88662.28,46801.34,41860.94,2023-09-29,9,Sep,3,2023,47.21,1.894
Delta Traders,Brand D,Food & Beverage,105.28,171.38,16,394,2742.08,1684.48,1057.6,2023-04-20,4,Apr,2,2023,38.57,1.628
Apex Supplies,Brand A,Sporting Goods,55.67,136.44,78,43,10642.32,4342.26,6300.06,2023-09-29,9,Sep,3,2023,59.2,2.451
Blue Ridge Co.,Brand B,Sporting Goods,211.14,313.11,125,370,39138.75,26392.5,12746.25,2023-12-08,12,Dec,4,2023,32.57,1.483
Icon Wholesale,Brand I,Electronics,90.03,149.41,131,185,19572.71,11793.93,7778.78,2023-03-24,3,Mar,1,2023,39.74,1.66
Junction LLC,Brand J,Electronics,118.67,293.83,152,107,44662.16,18037.84,26624.32,2023-04-19,4,Apr,2,2023,59.61,2.476
Blue Ridge Co.,Brand B,Health & Beauty,165.6,306.54,141,43,43222.14,23349.6,19872.54,2023-09-04,9,Sep,3,2023,45.98,1.851
Eagle Exports,Brand E,Electronics,137.1,247.28,130,77,32146.4,17823.0,14323.4,2023-04-03,4,Apr,2,2023,44.56,1.804
Icon Wholesale,Brand I,Electronics,52.92,77.31,199,225,15384.69,10531.08,4853.61,2023-05-25,5,May,2,2023,31.55,1.461
Icon Wholesale,Brand I,Electronics,54.06,112.55,112,161,12605.6,6054.72,6550.88,2023-09-29,9,Sep,3,2023,51.97,2.082
Heritage Inc.,Brand H,Health & Beauty,104.69,117.27,127,280,14893.29,13295.63,1597.66,2023-01-04,1,Jan,1,2023,10.73,1.12
Apex Supplies,Brand A,Food & Beverage,34.77,40.66,21,252,853.86,730.17,123.69,2023-08-16,8,Aug,3,2023,14.49,1.169
Apex Supplies,Brand A,Food & Beverage,316.96,614.62,147,131,90349.14,46593.12,43756.02,2023-09-12,9,Sep,3,2023,48.43,1.939
Icon Wholesale,Brand I,Office Supplies,150.79,238.0,89,447,21182.0,13420.31,7761.69,2023-07-29,7,Jul,3,2023,36.64,1.578
Heritage Inc.,Brand H,Office Supplies,147.08,358.09,47,371,16830.23,6912.76,9917.47,2023-11-08,11,Nov,4,2023,58.93,2.435
Junction LLC,Brand J,Electronics,172.68,408.3,150,374,61245.0,25902.0,35343.0,2023-04-23,4,Apr,2,2023,57.71,2.364
Icon Wholesale,Brand I,Office Supplies,334.77,702.75,161,473,113142.75,53897.97,59244.78,2023-03-17,3,Mar,1,2023,52.36,2.099
Global Mart,Brand G,Health & Beauty,436.61,980.37,160,143,156859.2,69857.6,87001.6,2023-11-28,11,Nov,4,2023,55.46,2.245
Cardinal Goods,Brand C,Food & Beverage,381.95,776.99,192,265,149182.08,73334.4,75847.68,2023-07-19,7,Jul,3,2023,50.84,2.034
Cardinal Goods,Brand C,Sporting Goods,366.49,467.57,85,108,39743.45,31151.65,8591.8,2023-09-17,9,Sep,3,2023,21.62,1.276
Blue Ridge Co.,Brand B,Food & Beverage,247.35,537.19,167,193,89710.73,41307.45,48403.28,2023-10-16,10,Oct,4,2023,53.95,2.172
Eagle Exports,Brand E,Food & Beverage,349.96,487.94,128,34,62456.32,44794.88,17661.44,2023-10-24,10,Oct,4,2023,28.28,1.394
Cardinal Goods,Brand C,Health & Beauty,280.85,436.11,72,466,31399.92,20221.2,11178.72,2023-11-27,11,Nov,4,2023,35.6,1.553
FairWay Corp.,Brand F,Office Supplies,115.96,260.55,42,389,10943.1,4870.32,6072.78,2023-09-16,9,Sep,3,2023,55.49,2.247
Blue Ridge Co.,Brand B,Sporting Goods,112.21,207.72,9,274,1869.48,1009.89,859.59,2023-03-03,3,Mar,1,2023,45.98,1.851
Cardinal Goods,Brand C,Health & Beauty,155.23,357.64,25,186,8941.0,3880.75,5060.25,2023-10-31,10,Oct,4,2023,56.6,2.304
Eagle Exports,Brand E,Electronics,456.29,638.01,2,436,1276.02,912.58,363.44,2023-10-06,10,Oct,4,2023,28.48,1.398
Apex Supplies,Brand A,Furniture,278.23,542.8,19,499,10313.2,5286.37,5026.83,2023-06-15,6,Jun,2,2023,48.74,1.951
Apex Supplies,Brand A,Food & Beverage,369.61,449.93,20,242,8998.6,7392.2,1606.4,2023-02-20,2,Feb,1,2023,17.85,1.217
Junction LLC,Brand J,Furniture,179.81,359.67,70,263,25176.9,12586.7,12590.2,2023-06-12,6,Jun,2,2023,50.01,2.0
Icon Wholesale,Brand I,Health & Beauty,209.78,454.71,17,461,7730.07,3566.26,4163.81,2023-01-03,1,Jan,1,2023,53.87,2.168
Global Mart,Brand G,Health & Beauty,71.53,137.26,124,9,17020.24,8869.72,8150.52,2023-07-06,7,Jul,3,2023,47.89,1.919
Apex Supplies,Brand A,Health & Beauty,93.93,138.33,89,450,12311.37,8359.77,3951.6,2023-06-27,6,Jun,2,2023,32.1,1.473
Heritage Inc.,Brand H,Furniture,415.4,475.17,196,165,93133.32,81418.4,11714.92,2023-08-16,8,Aug,3,2023,12.58,1.144
Cardinal Goods,Brand C,Health & Beauty,296.57,375.82,94,28,35327.08,27877.58,7449.5,2023-06-27,6,Jun,2,2023,21.09,1.267
Heritage Inc.,Brand H,Electronics,175.39,345.73,84,270,29041.32,14732.76,14308.56,2023-02-01,2,Feb,1,2023,49.27,1.971
Eagle Exports,Brand E,Health & Beauty,403.4,971.46,131,86,127261.26,52845.4,74415.86,2023-12-16,12,Dec,4,2023,58.47,2.408
Apex Supplies,Brand A,Clothing,130.79,181.69,87,22,15807.03,11378.73,4428.3,2023-09-14,9,Sep,3,2023,28.01,1.389
Global Mart,Brand G,Office Supplies,488.26,1039.52,51,209,53015.52,24901.26,28114.26,2023-10-23,10,Oct,4,2023,53.03,2.129
Eagle Exports,Brand E,Furniture,178.96,413.94,82,45,33943.08,14674.72,19268.36,2023-12-20,12,Dec,4,2023,56.77,2.313
FairWay Corp.,Brand F,Clothing,175.28,320.63,154,466,49377.02,26993.12,22383.9,2023-02-13,2,Feb,1,2023,45.33,1.829
FairWay Corp.,Brand F,Health & Beauty,162.84,331.7,184,27,61032.8,29962.56,31070.24,2023-04-10,4,Apr,2,2023,50.91,2.037
Heritage Inc.,Brand H,Electronics,69.83,156.49,192,25,30046.08,13407.36,16638.72,2023-01-03,1,Jan,1,2023,55.38,2.241
Icon Wholesale,Brand I,Food & Beverage,64.46,94.43,8,265,755.44,515.68,239.76,2023-08-10,8,Aug,3,2023,31.74,1.465
Blue Ridge Co.,Brand B,Sporting Goods,327.57,496.48,165,174,81919.2,54049.05,27870.15,2023-09-16,9,Sep,3,2023,34.02,1.516
Icon Wholesale,Brand I,Office Supplies,438.81,483.08,121,3,58452.68,53096.01,5356.67,2023-09-22,9,Sep,3,2023,9.16,1.101
Junction LLC,Brand J,Sporting Goods,397.36,972.87,155,310,150794.85,61590.8,89204.05,2023-08-30,8,Aug,3,2023,59.16,2.448
Icon Wholesale,Brand I,Health & Beauty,79.14,188.71,173,321,32646.83,13691.22,18955.61,2023-09-05,9,Sep,3,2023,58.06,2.385
Junction LLC,Brand J,Office Supplies,277.34,601.94,4,66,2407.76,1109.36,1298.4,2023-05-12,5,May,2,2023,53.93,2.17
Junction LLC,Brand J,Office Supplies,61.74,74.75,86,134,6428.5,5309.64,1118.86,2023-09-18,9,Sep,3,2023,17.4,1.211
Global Mart,Brand G,Electronics,32.19,55.58,128,54,7114.24,4120.32,2993.92,2023-01-01,1,Jan,1,2023,42.08,1.727
Apex Supplies,Brand A,Office Supplies,331.63,412.1,110,463,45331.0,36479.3,8851.7,2023-05-06,5,May,2,2023,19.53,1.243
Global Mart,Brand G,Furniture,272.22,305.51,99,30,30245.49,26949.78,3295.71,2023-10-14,10,Oct,4,2023,10.9,1.122
Junction LLC,Brand J,Clothing,50.19,98.51,37,73,3644.87,1857.03,1787.84,2023-09-26,9,Sep,3,2023,49.05,1.963
Eagle Exports,Brand E,Clothing,27.12,66.31,71,18,4708.01,1925.52,2782.49,2023-11-06,11,Nov,4,2023,59.1,2.445
FairWay Corp.,Brand F,Clothing,494.98,1170.14,33,155,38614.62,16334.34,22280.28,2023-12-02,12,Dec,4,2023,57.7,2.364
Junction LLC,Brand J,Furniture,24.71,51.28,31,336,1589.68,766.01,823.67,2023-05-16,5,May,2,2023,51.81,2.075
Global Mart,Brand G,Sporting Goods,227.82,281.43,183,155,51501.69,41691.06,9810.63,2023-05-20,5,May,2,2023,19.05,1.235
Eagle Exports,Brand E,Electronics,257.26,381.73,125,146,47716.25,32157.5,15558.75,2023-06-08,6,Jun,2,2023,32.61,1.484
Global Mart,Brand G,Office Supplies,67.47,104.45,12,484,1253.4,809.64,443.76,2023-03-31,3,Mar,1,2023,35.4,1.548
Icon Wholesale,Brand I,Furniture,92.84,201.32,11,86,2214.52,1021.24,1193.28,2023-03-17,3,Mar,1,2023,53.88,2.168
Cardinal Goods,Brand C,Clothing,182.38,405.46,88,19,35680.48,16049.44,19631.04,2023-09-15,9,Sep,3,2023,55.02,2.223
Heritage Inc.,Brand H,Health & Beauty,383.22,628.15,72,268,45226.8,27591.84,17634.96,2023-09-12,9,Sep,3,2023,38.99,1.639
Blue Ridge Co.,Brand B,Food & Beverage,258.47,435.53,32,332,13936.96,8271.04,5665.92,2023-04-25,4,Apr,2,2023,40.65,1.685
Global Mart,Brand G,Office Supplies,322.57,374.93,57,42,21371.01,18386.49,2984.52,2023-07-15,7,Jul,3,2023,13.97,1.162
Blue Ridge Co.,Brand B,Furniture,492.74,741.47,166,394,123084.02,81794.84,41289.18,2023-09-12,9,Sep,3,2023,33.55,1.505
Delta Traders,Brand D,Furniture,386.32,669.03,188,431,125777.64,72628.16,53149.48,2023-09-16,9,Sep,3,2023,42.26,1.732
Global Mart,Brand G,Electronics,222.84,281.62,86,398,24219.32,19164.24,5055.08,2023-12-21,12,Dec,4,2023,20.87,1.264
Cardinal Goods,Brand C,Electronics,228.76,396.8,19,400,7539.2,4346.44,3192.76,2023-07-05,7,Jul,3,2023,42.35,1.735
Blue Ridge Co.,Brand B,Furniture,313.2,718.62,116,437,83359.92,36331.2,47028.72,2023-01-26,1,Jan,1,2023,56.42,2.294
Junction LLC,Brand J,Clothing,336.03,643.11,184,305,118332.24,61829.52,56502.72,2023-07-21,7,Jul,3,2023,47.75,1.914
Global Mart,Brand G,Food & Beverage,255.35,309.1,14,27,4327.4,3574.9,752.5,2023-09-28,9,Sep,3,2023,17.39,1.21
Apex Supplies,Brand A,Office Supplies,325.98,446.05,33,466,14719.65,10757.34,3962.31,2023-01-09,1,Jan,1,2023,26.92,1.368
Heritage Inc.,Brand H,Electronics,21.53,37.99,10,259,379.9,215.3,164.6,2023-06-03,6,Jun,2,2023,43.33,1.765
Cardinal Goods,Brand C,Office Supplies,220.52,354.17,80,21,28333.6,17641.6,10692.0,2023-07-03,7,Jul,3,2023,37.74,1.606
Blue Ridge Co.,Brand B,Clothing,146.68,235.01,192,469,45121.92,28162.56,16959.36,2023-08-18,8,Aug,3,2023,37.59,1.602
Cardinal Goods,Brand C,Office Supplies,73.3,134.94,64,374,8636.16,4691.2,3944.96,2023-01-02,1,Jan,1,2023,45.68,1.841
Eagle Exports,Brand E,Health & Beauty,58.78,112.75,190,100,21422.5,11168.2,10254.3,2023-05-01,5,May,2,2023,47.87,1.918
Heritage Inc.,Brand H,Electronics,305.56,677.0,68,38,46036.0,20778.08,25257.92,2023-04-15,4,Apr,2,2023,54.87,2.216
Junction LLC,Brand J,Clothing,266.56,420.46,92,289,38682.32,24523.52,14158.8,2023-10-10,10,Oct,4,2023,36.6,1.577
Global Mart,Brand G,Clothing,134.26,299.08,125,352,37385.0,16782.5,20602.5,2023-10-23,10,Oct,4,2023,55.11,2.228
Global Mart,Brand G,Food & Beverage,240.77,378.99,171,299,64807.29,41171.67,23635.62,2023-04-28,4,Apr,2,2023,36.47,1.574
Global Mart,Brand G,Food & Beverage,251.19,295.8,80,169,23664.0,20095.2,3568.8,2023-06-16,6,Jun,2,2023,15.08,1.178
Heritage Inc.,Brand H,Health & Beauty,105.55,198.0,59,295,11682.0,6227.45,5454.55,2023-11-18,11,Nov,4,2023,46.69,1.876
Apex Supplies,Brand A,Clothing,329.53,633.71,180,352,114067.8,59315.4,54752.4,2023-04-27,4,Apr,2,2023,48.0,1.923
Delta Traders,Brand D,Sporting Goods,392.65,945.64,97,395,91727.08,38087.05,53640.03,2023-04-22,4,Apr,2,2023,58.48,2.408
FairWay Corp.,Brand F,Clothing,397.82,841.98,19,129,15997.62,7558.58,8439.04,2023-05-07,5,May,2,2023,52.75,2.116
Icon Wholesale,Brand I,Food & Beverage,305.21,727.89,149,155,108455.61,45476.29,62979.32,2023-06-15,6,Jun,2,2023,58.07,2.385
Blue Ridge Co.,Brand B,Sporting Goods,260.7,618.3,22,73,13602.6,5735.4,7867.2,2023-02-02,2,Feb,1,2023,57.84,2.372
Apex Supplies,Brand A,Electronics,39.89,77.64,9,341,698.76,359.01,339.75,2023-06-08,6,Jun,2,2023,48.62,1.946
Junction LLC,Brand J,Electronics,151.04,277.74,9,464,2499.66,1359.36,1140.3,2023-07-07,7,Jul,3,2023,45.62,1.839
Blue Ridge Co.,Brand B,Office Supplies,55.7,104.74,27,89,2827.98,1503.9,1324.08,2023-06-05,6,Jun,2,2023,46.82,1.88
Global Mart,Brand G,Furniture,482.27,1191.04,17,66,20247.68,8198.59,12049.09,2023-02-25,2,Feb,1,2023,59.51,2.47
Cardinal Goods,Brand C,Food & Beverage,76.19,166.28,172,454,28600.16,13104.68,15495.48,2023-04-10,4,Apr,2,2023,54.18,2.182
Junction LLC,Brand J,Furniture,84.37,105.36,45,235,4741.2,3796.65,944.55,2023-03-01,3,Mar,1,2023,19.92,1.249
Blue Ridge Co.,Brand B,Sporting Goods,445.89,976.41,8,199,7811.28,3567.12,4244.16,2023-09-09,9,Sep,3,2023,54.33,2.19
Global Mart,Brand G,Food & Beverage,472.52,632.59,146,467,92358.14,68987.92,23370.22,2023-11-27,11,Nov,4,2023,25.3,1.339
Blue Ridge Co.,Brand B,Health & Beauty,385.26,665.07,125,331,83133.75,48157.5,34976.25,2023-03-13,3,Mar,1,2023,42.07,1.726
Cardinal Goods,Brand C,Clothing,12.65,17.64,123,226,2169.72,1555.95,613.77,2023-02-24,2,Feb,1,2023,28.29,1.394
Global Mart,Brand G,Health & Beauty,10.66,22.02,33,464,726.66,351.78,374.88,2023-10-10,10,Oct,4,2023,51.59,2.066
Delta Traders,Brand D,Sporting Goods,195.27,454.63,1,347,454.63,195.27,259.36,2023-05-17,5,May,2,2023,57.05,2.328
Apex Supplies,Brand A,Food & Beverage,80.26,120.91,6,232,725.46,481.56,243.9,2023-02-21,2,Feb,1,2023,33.62,1.506
Eagle Exports,Brand E,Sporting Goods,19.01,23.09,41,265,946.69,779.41,167.28,2023-03-01,3,Mar,1,2023,17.67,1.215
Icon Wholesale,Brand I,Clothing,237.39,360.33,183,85,65940.39,43442.37,22498.02,2023-01-09,1,Jan,1,2023,34.12,1.518
Heritage Inc.,Brand H,Electronics,472.1,963.7,5,101,4818.5,2360.5,2458.0,2023-05-21,5,May,2,2023,51.01,2.041
Icon Wholesale,Brand I,Electronics,168.67,263.17,187,440,49212.79,31541.29,17671.5,2023-12-29,12,Dec,4,2023,35.91,1.56
Junction LLC,Brand J,Sporting Goods,333.96,497.39,80,480,39791.2,26716.8,13074.4,2023-10-27,10,Oct,4,2023,32.86,1.489
Icon Wholesale,Brand I,Furniture,329.6,447.67,18,213,8058.06,5932.8,2125.26,2023-11-12,11,Nov,4,2023,26.37,1.358
Global Mart,Brand G,Food & Beverage,133.03,238.99,177,107,42301.23,23546.31,18754.92,2023-03-10,3,Mar,1,2023,44.34,1.797
Delta Traders,Brand D,Food & Beverage,328.71,488.57,82,164,40062.74,26954.22,13108.52,2023-11-22,11,Nov,4,2023,32.72,1.486
Eagle Exports,Brand E,Electronics,114.04,242.15,65,460,15739.75,7412.6,8327.15,2023-10-23,10,Oct,4,2023,52.91,2.123
Apex Supplies,Brand A,Office Supplies,69.78,84.24,83,90,6991.92,5791.74,1200.18,2023-07-01,7,Jul,3,2023,17.17,1.207
Apex Supplies,Brand A,Health & Beauty,353.68,717.85,182,191,130648.7,64369.76,66278.94,2023-12-03,12,Dec,4,2023,50.73,2.03
Cardinal Goods,Brand C,Office Supplies,65.59,93.96,189,334,17758.44,12396.51,5361.93,2023-10-12,10,Oct,4,2023,30.19,1.433
Heritage Inc.,Brand H,Clothing,498.49,889.8,136,85,121012.8,67794.64,53218.16,2023-05-21,5,May,2,2023,43.98,1.785
Blue Ridge Co.,Brand B,Health & Beauty,99.89,149.89,131,221,19635.59,13085.59,6550.0,2023-08-01,8,Aug,3,2023,33.36,1.501
Delta Traders,Brand D,Health & Beauty,301.13,635.95,25,362,15898.75,7528.25,8370.5,2023-07-17,7,Jul,3,2023,52.65,2.112
Blue Ridge Co.,Brand B,Sporting Goods,211.57,512.73,69,423,35378.37,14598.33,20780.04,2023-06-07,6,Jun,2,2023,58.74,2.423
Eagle Exports,Brand E,Electronics,71.93,171.47,183,100,31379.01,13163.19,18215.82,2023-11-25,11,Nov,4,2023,58.05,2.384
Icon Wholesale,Brand I,Office Supplies,23.64,45.31,168,225,7612.08,3971.52,3640.56,2023-07-19,7,Jul,3,2023,47.83,1.917
Apex Supplies,Brand A,Office Supplies,315.14,550.76,82,363,45162.32,25841.48,19320.84,2023-01-01,1,Jan,1,2023,42.78,1.748
Eagle Exports,Brand E,Electronics,405.31,910.17,178,59,162010.26,72145.18,89865.08,2023-10-18,10,Oct,4,2023,55.47,2.246
Icon Wholesale,Brand I,Office Supplies,422.59,869.12,117,481,101687.04,49443.03,52244.01,2023-05-17,5,May,2,2023,51.38,2.057
Apex Supplies,Brand A,Electronics,246.53,334.54,95,249,31781.3,23420.35,8360.95,2023-09-25,9,Sep,3,2023,26.31,1.357
Icon Wholesale,Brand I,Sporting Goods,390.95,879.36,33,47,29018.88,12901.35,16117.53,2023-12-27,12,Dec,4,2023,55.54,2.249
Heritage Inc.,Brand H,Furniture,339.7,577.64,111,116,64118.04,37706.7,26411.34,2023-11-18,11,Nov,4,2023,41.19,1.7
Delta Traders,Brand D,Health & Beauty,364.88,497.91,146,226,72694.86,53272.48,19422.38,2023-12-17,12,Dec,4,2023,26.72,1.365
Junction LLC,Brand J,Sporting Goods,251.37,375.68,125,361,46960.0,31421.25,15538.75,2023-02-19,2,Feb,1,2023,33.09,1.495
Eagle Exports,Brand E,Food & Beverage,320.37,472.4,185,402,87394.0,59268.45,28125.55,2023-10-10,10,Oct,4,2023,32.18,1.475
Eagle Exports,Brand E,Clothing,404.71,739.36,16,455,11829.76,6475.36,5354.4,2023-10-22,10,Oct,4,2023,45.26,1.827
FairWay Corp.,Brand F,Furniture,204.96,292.71,80,486,23416.8,16396.8,7020.0,2023-02-08,2,Feb,1,2023,29.98,1.428
Global Mart,Brand G,Food & Beverage,404.93,515.47,38,32,19587.86,15387.34,4200.52,2023-11-07,11,Nov,4,2023,21.44,1.273
Heritage Inc.,Brand H,Health & Beauty,300.09,382.06,169,43,64568.14,50715.21,13852.93,2023-10-02,10,Oct,4,2023,21.45,1.273
Heritage Inc.,Brand H,Office Supplies,91.29,174.97,135,475,23620.95,12324.15,11296.8,2023-03-01,3,Mar,1,2023,47.83,1.917
Blue Ridge Co.,Brand B,Electronics,22.1,47.04,78,164,3669.12,1723.8,1945.32,2023-02-16,2,Feb,1,2023,53.02,2.129
Icon Wholesale,Brand I,Health & Beauty,187.75,291.04,181,367,52678.24,33982.75,18695.49,2023-09-14,9,Sep,3,2023,35.49,1.55
Global Mart,Brand G,Sporting Goods,277.88,319.15,63,344,20106.45,17506.44,2600.01,2023-01-23,1,Jan,1,2023,12.93,1.149
Delta Traders,Brand D,Clothing,421.51,538.74,112,291,60338.88,47209.12,13129.76,2023-05-20,5,May,2,2023,21.76,1.278
Delta Traders,Brand D,Sporting Goods,72.47,172.52,89,336,15354.28,6449.83,8904.45,2023-10-20,10,Oct,4,2023,57.99,2.381
Heritage Inc.,Brand H,Furniture,402.1,720.15,160,343,115224.0,64336.0,50888.0,2023-10-14,10,Oct,4,2023,44.16,1.791
Delta Traders,Brand D,Furniture,432.87,751.03,38,404,28539.14,16449.06,12090.08,2023-09-03,9,Sep,3,2023,42.36,1.735
FairWay Corp.,Brand F,Clothing,83.84,96.69,150,385,14503.5,12576.0,1927.5,2023-08-12,8,Aug,3,2023,13.29,1.153
Eagle Exports,Brand E,Food & Beverage,427.28,905.87,144,286,130445.28,61528.32,68916.96,2023-08-06,8,Aug,3,2023,52.83,2.12
Cardinal Goods,Brand C,Food & Beverage,495.81,911.94,52,363,47420.88,25782.12,21638.76,2023-11-17,11,Nov,4,2023,45.63,1.839
Junction LLC,Brand J,Furniture,366.15,506.35,29,224,14684.15,10618.35,4065.8,2023-02-09,2,Feb,1,2023,27.69,1.383
Blue Ridge Co.,Brand B,Furniture,394.54,494.79,144,285,71249.76,56813.76,14436.0,2023-08-19,8,Aug,3,2023,20.26,1.254
Icon Wholesale,Brand I,Office Supplies,497.26,813.89,76,203,61855.64,37791.76,24063.88,2023-09-05,9,Sep,3,2023,38.9,1.637
Junction LLC,Brand J,Electronics,306.69,696.81,145,171,101037.45,44470.05,56567.4,2023-11-11,11,Nov,4,2023,55.99,2.272
Icon Wholesale,Brand I,Office Supplies,160.86,371.81,64,11,23795.84,10295.04,13500.8,2023-08-29,8,Aug,3,2023,56.74,2.311
Apex Supplies,Brand A,Office Supplies,420.39,817.23,91,306,74367.93,38255.49,36112.44,2023-06-01,6,Jun,2,2023,48.56,1.944
Junction LLC,Brand J,Food & Beverage,311.1,659.08,89,120,58658.12,27687.9,30970.22,2023-02-02,2,Feb,1,2023,52.8,2.119
Cardinal Goods,Brand C,Clothing,294.79,371.79,13,432,4833.27,3832.27,1001.0,2023-03-02,3,Mar,1,2023,20.71,1.261
Heritage Inc.,Brand H,Food & Beverage,134.28,258.27,72,243,18595.44,9668.16,8927.28,2023-04-03,4,Apr,2,2023,48.01,1.923
FairWay Corp.,Brand F,Electronics,380.6,774.05,184,151,142425.2,70030.4,72394.8,2023-03-11,3,Mar,1,2023,50.83,2.034
Eagle Exports,Brand E,Sporting Goods,50.02,69.08,5,151,345.4,250.1,95.3,2023-11-13,11,Nov,4,2023,27.59,1.381
Eagle Exports,Brand E,Furniture,462.9,1079.58,12,187,12954.96,5554.8,7400.16,2023-12-12,12,Dec,4,2023,57.12,2.332
FairWay Corp.,Brand F,Furniture,169.65,232.93,169,394,39365.17,28670.85,10694.32,2023-08-11,8,Aug,3,2023,27.17,1.373
Global Mart,Brand G,Electronics,72.61,111.74,3,12,335.22,217.83,117.39,2023-03-02,3,Mar,1,2023,35.02,1.539
Apex Supplies,Brand A,Office Supplies,226.76,446.44,33,90,14732.52,7483.08,7249.44,2023-08-05,8,Aug,3,2023,49.21,1.969
Icon Wholesale,Brand I,Clothing,30.81,61.43,121,199,7433.03,3728.01,3705.02,2023-08-19,8,Aug,3,2023,49.85,1.994
Cardinal Goods,Brand C,Furniture,345.47,718.28,50,73,35914.0,17273.5,18640.5,2023-06-13,6,Jun,2,2023,51.9,2.079
Delta Traders,Brand D,Health & Beauty,452.33,568.5,184,255,104604.0,83228.72,21375.28,2023-04-27,4,Apr,2,2023,20.43,1.257
Junction LLC,Brand J,Office Supplies,420.26,962.08,137,455,131804.96,57575.62,74229.34,2023-08-16,8,Aug,3,2023,56.32,2.289
Apex Supplies,Brand A,Furniture,72.41,133.67,178,447,23793.26,12888.98,10904.28,2023-04-26,4,Apr,2,2023,45.83,1.846
Junction LLC,Brand J,Health & Beauty,71.87,126.48,29,275,3667.92,2084.23,1583.69,2023-10-15,10,Oct,4,2023,43.18,1.76
Cardinal Goods,Brand C,Electronics,408.58,1010.64,39,327,39414.96,15934.62,23480.34,2023-03-23,3,Mar,1,2023,59.57,2.474
Blue Ridge Co.,Brand B,Electronics,462.88,988.96,91,328,89995.36,42122.08,47873.28,2023-02-05,2,Feb,1,2023,53.2,2.137
Blue Ridge Co.,Brand B,Office Supplies,235.73,298.25,100,70,29825.0,23573.0,6252.0,2023-12-11,12,Dec,4,2023,20.96,1.265
Apex Supplies,Brand A,Furniture,254.5,549.5,173,77,95063.5,44028.5,51035.0,2023-08-12,8,Aug,3,2023,53.69,2.159
Heritage Inc.,Brand H,Food & Beverage,165.95,204.67,17,283,3479.39,2821.15,658.24,2023-03-25,3,Mar,1,2023,18.92,1.233
Cardinal Goods,Brand C,Health & Beauty,448.19,510.25,56,129,28574.0,25098.64,3475.36,2023-05-31,5,May,2,2023,12.16,1.138
Cardinal Goods,Brand C,Clothing,326.0,542.81,46,376,24969.26,14996.0,9973.26,2023-02-16,2,Feb,1,2023,39.94,1.665
FairWay Corp.,Brand F,Furniture,151.24,376.74,67,42,25241.58,10133.08,15108.5,2023-10-10,10,Oct,4,2023,59.86,2.491
Heritage Inc.,Brand H,Clothing,156.4,210.33,197,7,41435.01,30810.8,10624.21,2023-08-24,8,Aug,3,2023,25.64,1.345
Icon Wholesale,Brand I,Furniture,446.69,912.01,142,12,129505.42,63429.98,66075.44,2023-01-02,1,Jan,1,2023,51.02,2.042
Icon Wholesale,Brand I,Food & Beverage,16.68,22.4,67,212,1500.8,1117.56,383.24,2023-05-19,5,May,2,2023,25.54,1.343
Delta Traders,Brand D,Food & Beverage,168.14,355.57,23,110,8178.11,3867.22,4310.89,2023-06-22,6,Jun,2,2023,52.71,2.115
Eagle Exports,Brand E,Office Supplies,281.63,509.04,94,475,47849.76,26473.22,21376.54,2023-08-11,8,Aug,3,2023,44.67,1.807
Blue Ridge Co.,Brand B,Office Supplies,82.63,169.55,189,290,32044.95,15617.07,16427.88,2023-07-17,7,Jul,3,2023,51.27,2.052
Icon Wholesale,Brand I,Food & Beverage,55.13,76.3,151,22,11521.3,8324.63,3196.67,2023-06-11,6,Jun,2,2023,27.75,1.384
Heritage Inc.,Brand H,Sporting Goods,409.49,877.9,155,301,136074.5,63470.95,72603.55,2023-03-13,3,Mar,1,2023,53.36,2.144
Cardinal Goods,Brand C,Food & Beverage,448.26,1117.9,54,253,60366.6,24206.04,36160.56,2023-11-02,11,Nov,4,2023,59.9,2.494
Icon Wholesale,Brand I,Electronics,413.57,840.34,138,14,115966.92,57072.66,58894.26,2023-07-27,7,Jul,3,2023,50.79,2.032
Cardinal Goods,Brand C,Electronics,450.41,806.63,77,129,62110.51,34681.57,27428.94,2023-10-14,10,Oct,4,2023,44.16,1.791
Icon Wholesale,Brand I,Sporting Goods,281.02,672.32,16,60,10757.12,4496.32,6260.8,2023-03-14,3,Mar,1,2023,58.2,2.392
Blue Ridge Co.,Brand B,Health & Beauty,408.01,457.87,41,114,18772.67,16728.41,2044.26,2023-12-05,12,Dec,4,2023,10.89,1.122
Junction LLC,Brand J,Clothing,198.18,420.52,98,459,41210.96,19421.64,21789.32,2023-03-02,3,Mar,1,2023,52.87,2.122
Icon Wholesale,Brand I,Furniture,336.47,788.77,183,319,144344.91,61574.01,82770.9,2023-08-23,8,Aug,3,2023,57.34,2.344
Heritage Inc.,Brand H,Furniture,494.53,586.68,128,307,75095.04,63299.84,11795.2,2023-10-08,10,Oct,4,2023,15.71,1.186
Icon Wholesale,Brand I,Sporting Goods,120.61,208.67,61,419,12728.87,7357.21,5371.66,2023-11-09,11,Nov,4,2023,42.2,1.73
Eagle Exports,Brand E,Electronics,201.05,278.78,86,450,23975.08,17290.3,6684.78,2023-03-29,3,Mar,1,2023,27.88,1.387
Blue Ridge Co.,Brand B,Office Supplies,245.22,464.23,118,324,54779.14,28935.96,25843.18,2023-01-25,1,Jan,1,2023,47.18,1.893
Heritage Inc.,Brand H,Furniture,77.63,155.99,100,66,15599.0,7763.0,7836.0,2023-11-09,11,Nov,4,2023,50.23,2.009
FairWay Corp.,Brand F,Electronics,49.71,75.74,49,248,3711.26,2435.79,1275.47,2023-06-16,6,Jun,2,2023,34.37,1.524
Heritage Inc.,Brand H,Health & Beauty,416.56,726.47,180,174,130764.6,74980.8,55783.8,2023-06-20,6,Jun,2,2023,42.66,1.744
Eagle Exports,Brand E,Clothing,488.63,728.58,2,338,1457.16,977.26,479.9,2023-03-06,3,Mar,1,2023,32.93,1.491
Junction LLC,Brand J,Health & Beauty,208.32,336.88,120,1,40425.6,24998.4,15427.2,2023-04-17,4,Apr,2,2023,38.16,1.617
Blue Ridge Co.,Brand B,Sporting Goods,52.95,70.07,178,171,12472.46,9425.1,3047.36,2023-10-04,10,Oct,4,2023,24.43,1.323
FairWay Corp.,Brand F,Food & Beverage,42.25,98.86,123,484,12159.78,5196.75,6963.03,2023-04-24,4,Apr,2,2023,57.26,2.34
Eagle Exports,Brand E,Food & Beverage,446.75,497.69,86,447,42801.34,38420.5,4380.84,2023-07-25,7,Jul,3,2023,10.24,1.114
Eagle Exports,Brand E,Food & Beverage,237.27,554.11,171,464,94752.81,40573.17,54179.64,2023-02-22,2,Feb,1,2023,57.18,2.335
Apex Supplies,Brand A,Health & Beauty,166.81,317.0,77,333,24409.0,12844.37,11564.63,2023-05-31,5,May,2,2023,47.38,1.9
Blue Ridge Co.,Brand B,Furniture,243.47,380.87,136,283,51798.32,33111.92,18686.4,2023-04-25,4,Apr,2,2023,36.08,1.564
Heritage Inc.,Brand H,Clothing,165.97,350.58,59,474,20684.22,9792.23,10891.99,2023-07-05,7,Jul,3,2023,52.66,2.112
Cardinal Goods,Brand C,Food & Beverage,249.63,452.04,193,53,87243.72,48178.59,39065.13,2023-04-25,4,Apr,2,2023,44.78,1.811
Junction LLC,Brand J,Sporting Goods,431.18,775.59,12,457,9307.08,5174.16,4132.92,2023-08-02,8,Aug,3,2023,44.41,1.799
Cardinal Goods,Brand C,Sporting Goods,300.23,376.55,4,66,1506.2,1200.92,305.28,2023-03-01,3,Mar,1,2023,20.27,1.254
Heritage Inc.,Brand H,Food & Beverage,350.38,576.49,117,419,67449.33,40994.46,26454.87,2023-09-19,9,Sep,3,2023,39.22,1.645
Heritage Inc.,Brand H,Food & Beverage,188.69,271.24,95,101,25767.8,17925.55,7842.25,2023-02-08,2,Feb,1,2023,30.43,1.437
Blue Ridge Co.,Brand B,Clothing,371.87,417.23,125,119,52153.75,46483.75,5670.0,2023-08-29,8,Aug,3,2023,10.87,1.122
Heritage Inc.,Brand H,Food & Beverage,336.64,540.02,41,190,22140.82,13802.24,8338.58,2023-09-16,9,Sep,3,2023,37.66,1.604
Apex Supplies,Brand A,Clothing,68.59,84.07,123,408,10340.61,8436.57,1904.04,2023-07-25,7,Jul,3,2023,18.41,1.226
FairWay Corp.,Brand F,Sporting Goods,290.59,424.13,7,469,2968.91,2034.13,934.78,2023-04-26,4,Apr,2,2023,31.49,1.46
Heritage Inc.,Brand H,Food & Beverage,135.8,166.97,69,303,11520.93,9370.2,2150.73,2023-11-21,11,Nov,4,2023,18.67,1.23
Cardinal Goods,Brand C,Health & Beauty,404.01,501.5,69,422,34603.5,27876.69,6726.81,2023-10-06,10,Oct,4,2023,19.44,1.241
Heritage Inc.,Brand H,Office Supplies,218.71,301.52,81,46,24423.12,17715.51,6707.61,2023-12-15,12,Dec,4,2023,27.46,1.379
Apex Supplies,Brand A,Health & Beauty,497.4,1243.4,30,221,37302.0,14922.0,22380.0,2023-06-07,6,Jun,2,2023,60.0,2.5
Icon Wholesale,Brand I,Sporting Goods,55.33,61.03,73,20,4455.19,4039.09,416.1,2023-08-13,8,Aug,3,2023,9.34,1.103
Icon Wholesale,Brand I,Clothing,392.37,782.44,6,157,4694.64,2354.22,2340.42,2023-12-23,12,Dec,4,2023,49.85,1.994
Eagle Exports,Brand E,Health & Beauty,340.11,441.37,89,347,39281.93,30269.79,9012.14,2023-03-19,3,Mar,1,2023,22.94,1.298
Junction LLC,Brand J,Clothing,386.07,922.27,147,158,135573.69,56752.29,78821.4,2023-03-13,3,Mar,1,2023,58.14,2.389
Delta Traders,Brand D,Health & Beauty,160.69,197.82,66,376,13056.12,10605.54,2450.58,2023-05-31,5,May,2,2023,18.77,1.231
FairWay Corp.,Brand F,Health & Beauty,251.11,611.98,10,371,6119.8,2511.1,3608.7,2023-06-16,6,Jun,2,2023,58.97,2.437
Global Mart,Brand G,Clothing,400.29,782.69,144,409,112707.36,57641.76,55065.6,2023-07-26,7,Jul,3,2023,48.86,1.955
Eagle Exports,Brand E,Furniture,123.95,136.57,37,234,5053.09,4586.15,466.94,2023-12-15,12,Dec,4,2023,9.24,1.102
Junction LLC,Brand J,Health & Beauty,120.76,283.98,77,149,21866.46,9298.52,12567.94,2023-03-05,3,Mar,1,2023,57.48,2.352
Icon Wholesale,Brand I,Food & Beverage,280.01,512.53,77,404,39464.81,21560.77,17904.04,2023-01-09,1,Jan,1,2023,45.37,1.83
Cardinal Goods,Brand C,Office Supplies,266.55,391.23,32,256,12519.36,8529.6,3989.76,2023-06-16,6,Jun,2,2023,31.87,1.468
Global Mart,Brand G,Sporting Goods,148.31,322.45,47,164,15155.15,6970.57,8184.58,2023-07-25,7,Jul,3,2023,54.01,2.174
Junction LLC,Brand J,Furniture,156.06,374.13,110,76,41154.3,17166.6,23987.7,2023-09-20,9,Sep,3,2023,58.29,2.397
Junction LLC,Brand J,Clothing,146.14,259.72,171,84,44412.12,24989.94,19422.18,2023-09-12,9,Sep,3,2023,43.73,1.777
Eagle Exports,Brand E,Furniture,388.04,598.27,120,45,71792.4,46564.8,25227.6,2023-07-11,7,Jul,3,2023,35.14,1.542
Global Mart,Brand G,Electronics,329.43,726.24,164,392,119103.36,54026.52,65076.84,2023-06-26,6,Jun,2,2023,54.64,2.205
Blue Ridge Co.,Brand B,Electronics,417.88,858.53,154,400,132213.62,64353.52,67860.1,2023-05-26,5,May,2,2023,51.33,2.054
Delta Traders,Brand D,Health & Beauty,487.98,1143.95,10,46,11439.5,4879.8,6559.7,2023-11-23,11,Nov,4,2023,57.34,2.344
Blue Ridge Co.,Brand B,Health & Beauty,242.34,501.53,159,212,79743.27,38532.06,41211.21,2023-08-24,8,Aug,3,2023,51.68,2.07
Global Mart,Brand G,Food & Beverage,42.68,61.5,97,478,5965.5,4139.96,1825.54,2023-07-05,7,Jul,3,2023,30.6,1.441
Blue Ridge Co.,Brand B,Office Supplies,33.57,80.71,157,486,12671.47,5270.49,7400.98,2023-04-28,4,Apr,2,2023,58.41,2.404
Apex Supplies,Brand A,Sporting Goods,154.88,193.1,5,58,965.5,774.4,191.1,2023-09-06,9,Sep,3,2023,19.79,1.247
Icon Wholesale,Brand I,Furniture,466.95,688.81,77,53,53038.37,35955.15,17083.22,2023-02-24,2,Feb,1,2023,32.21,1.475
Apex Supplies,Brand A,Electronics,266.37,487.0,1,341,487.0,266.37,220.63,2023-10-01,10,Oct,4,2023,45.3,1.828
Heritage Inc.,Brand H,Health & Beauty,143.18,270.9,131,11,35487.9,18756.58,16731.32,2023-12-05,12,Dec,4,2023,47.15,1.892
Blue Ridge Co.,Brand B,Sporting Goods,205.59,230.56,67,191,15447.52,13774.53,1672.99,2023-10-13,10,Oct,4,2023,10.83,1.121
Heritage Inc.,Brand H,Furniture,303.31,665.1,199,5,132354.9,60358.69,71996.21,2023-10-15,10,Oct,4,2023,54.4,2.193
Cardinal Goods,Brand C,Health & Beauty,329.95,529.98,163,308,86386.74,53781.85,32604.89,2023-08-23,8,Aug,3,2023,37.74,1.606
FairWay Corp.,Brand F,Health & Beauty,85.42,142.56,15,143,2138.4,1281.3,857.1,2023-10-12,10,Oct,4,2023,40.08,1.669
Cardinal Goods,Brand C,Electronics,488.75,1091.44,195,345,212830.8,95306.25,117524.55,2023-10-22,10,Oct,4,2023,55.22,2.233
Global Mart,Brand G,Electronics,276.94,451.69,93,260,42007.17,25755.42,16251.75,2023-01-31,1,Jan,1,2023,38.69,1.631
Junction LLC,Brand J,Health & Beauty,76.49,89.2,30,72,2676.0,2294.7,381.3,2023-02-27,2,Feb,1,2023,14.25,1.166
Icon Wholesale,Brand I,Clothing,447.88,603.3,103,173,62139.9,46131.64,16008.26,2023-01-01,1,Jan,1,2023,25.76,1.347
Blue Ridge Co.,Brand B,Health & Beauty,46.57,113.55,82,231,9311.1,3818.74,5492.36,2023-07-05,7,Jul,3,2023,58.99,2.438
Eagle Exports,Brand E,Sporting Goods,454.79,545.1,75,269,40882.5,34109.25,6773.25,2023-11-21,11,Nov,4,2023,16.57,1.199
FairWay Corp.,Brand F,Health & Beauty,498.32,795.77,171,427,136076.67,85212.72,50863.95,2023-08-22,8,Aug,3,2023,37.38,1.597
Delta Traders,Brand D,Food & Beverage,353.21,637.35,60,446,38241.0,21192.6,17048.4,2023-01-12,1,Jan,1,2023,44.58,1.804
Delta Traders,Brand D,Office Supplies,387.52,693.89,40,361,27755.6,15500.8,12254.8,2023-03-29,3,Mar,1,2023,44.15,1.791
Delta Traders,Brand D,Food & Beverage,175.28,193.78,193,221,37399.54,33829.04,3570.5,2023-11-06,11,Nov,4,2023,9.55,1.106
Blue Ridge Co.,Brand B,Food & Beverage,471.37,849.23,157,51,133329.11,74005.09,59324.02,2023-09-02,9,Sep,3,2023,44.49,1.802
Delta Traders,Brand D,Clothing,269.56,441.35,74,115,32659.9,19947.44,12712.46,2023-12-07,12,Dec,4,2023,38.92,1.637
Apex Supplies,Brand A,Clothing,368.87,907.76,121,25,109838.96,44633.27,65205.69,2023-08-11,8,Aug,3,2023,59.36,2.461
FairWay Corp.,Brand F,Health & Beauty,462.81,612.22,147,52,89996.34,68033.07,21963.27,2023-02-10,2,Feb,1,2023,24.4,1.323
Apex Supplies,Brand A,Food & Beverage,487.84,778.5,3,364,2335.5,1463.52,871.98,2023-01-28,1,Jan,1,2023,37.34,1.596
Junction LLC,Brand J,Clothing,418.27,705.74,36,28,25406.64,15057.72,10348.92,2023-04-28,4,Apr,2,2023,40.73,1.687
FairWay Corp.,Brand F,Electronics,158.48,261.01,43,18,11223.43,6814.64,4408.79,2023-04-24,4,Apr,2,2023,39.28,1.647
Apex Supplies,Brand A,Health & Beauty,483.61,982.77,143,302,140536.11,69156.23,71379.88,2023-09-28,9,Sep,3,2023,50.79,2.032
FairWay Corp.,Brand F,Sporting Goods,317.78,445.44,169,391,75279.36,53704.82,21574.54,2023-02-09,2,Feb,1,2023,28.66,1.402
Junction LLC,Brand J,Office Supplies,466.01,656.84,115,278,75536.6,53591.15,21945.45,2023-02-05,2,Feb,1,2023,29.05,1.409
Heritage Inc.,Brand H,Furniture,341.29,723.84,109,116,78898.56,37200.61,41697.95,2023-11-27,11,Nov,4,2023,52.85,2.121
Blue Ridge Co.,Brand B,Health & Beauty,160.55,289.06,90,105,26015.4,14449.5,11565.9,2023-08-12,8,Aug,3,2023,44.46,1.8
Blue Ridge Co.,Brand B,Furniture,191.31,321.63,164,418,52747.32,31374.84,21372.48,2023-06-30,6,Jun,2,2023,40.52,1.681
Delta Traders,Brand D,Food & Beverage,279.73,373.97,84,478,31413.48,23497.32,7916.16,2023-07-04,7,Jul,3,2023,25.2,1.337
Cardinal Goods,Brand C,Office Supplies,397.11,541.08,77,308,41663.16,30577.47,11085.69,2023-04-28,4,Apr,2,2023,26.61,1.363
Delta Traders,Brand D,Furniture,165.81,184.84,161,226,29759.24,26695.41,3063.83,2023-08-17,8,Aug,3,2023,10.3,1.115
Global Mart,Brand G,Food & Beverage,294.07,361.12,5,351,1805.6,1470.35,335.25,2023-07-31,7,Jul,3,2023,18.57,1.228
Apex Supplies,Brand A,Electronics,179.36,337.12,78,185,26295.36,13990.08,12305.28,2023-05-09,5,May,2,2023,46.8,1.88
FairWay Corp.,Brand F,Furniture,409.73,962.3,91,260,87569.3,37285.43,50283.87,2023-10-04,10,Oct,4,2023,57.42,2.349
Cardinal Goods,Brand C,Office Supplies,238.7,358.53,87,15,31192.11,20766.9,10425.21,2023-10-15,10,Oct,4,2023,33.42,1.502
Junction LLC,Brand J,Health & Beauty,47.59,74.19,14,272,1038.66,666.26,372.4,2023-07-16,7,Jul,3,2023,35.85,1.559
Global Mart,Brand G,Food & Beverage,91.37,115.3,104,159,11991.2,9502.48,2488.72,2023-12-22,12,Dec,4,2023,20.75,1.262
Junction LLC,Brand J,Health & Beauty,39.94,65.66,196,357,12869.36,7828.24,5041.12,2023-10-06,10,Oct,4,2023,39.17,1.644
Blue Ridge Co.,Brand B,Office Supplies,254.66,293.4,83,249,24352.2,21136.78,3215.42,2023-08-01,8,Aug,3,2023,13.2,1.152
Blue Ridge Co.,Brand B,Clothing,62.11,148.11,175,223,25919.25,10869.25,15050.0,2023-05-12,5,May,2,2023,58.06,2.385
Delta Traders,Brand D,Food & Beverage,65.93,134.65,54,255,7271.1,3560.22,3710.88,2023-10-20,10,Oct,4,2023,51.04,2.042
Apex Supplies,Brand A,Furniture,471.11,1171.67,132,179,154660.44,62186.52,92473.92,2023-11-17,11,Nov,4,2023,59.79,2.487
Cardinal Goods,Brand C,Food & Beverage,437.6,1022.21,95,19,97109.95,41572.0,55537.95,2023-10-12,10,Oct,4,2023,57.19,2.336
Icon Wholesale,Brand I,Health & Beauty,231.52,407.98,9,111,3671.82,2083.68,1588.14,2023-04-27,4,Apr,2,2023,43.25,1.762
Global Mart,Brand G,Electronics,493.04,901.06,53,119,47756.18,26131.12,21625.06,2023-01-20,1,Jan,1,2023,45.28,1.828
Global Mart,Brand G,Food & Beverage,10.09,13.79,77,193,1061.83,776.93,284.9,2023-01-30,1,Jan,1,2023,26.83,1.367
Delta Traders,Brand D,Furniture,310.85,543.01,60,467,32580.6,18651.0,13929.6,2023-02-08,2,Feb,1,2023,42.75,1.747
Blue Ridge Co.,Brand B,Clothing,312.05,737.76,46,110,33936.96,14354.3,19582.66,2023-07-19,7,Jul,3,2023,57.7,2.364
Delta Traders,Brand D,Sporting Goods,234.15,274.24,54,209,14808.96,12644.1,2164.86,2023-11-13,11,Nov,4,2023,14.62,1.171
FairWay Corp.,Brand F,Electronics,204.5,472.19,74,0,34942.06,15133.0,19809.06,2023-11-04,11,Nov,4,2023,56.69,2.309
Cardinal Goods,Brand C,Clothing,233.14,367.74,112,57,41186.88,26111.68,15075.2,2023-10-19,10,Oct,4,2023,36.6,1.577
Apex Supplies,Brand A,Food & Beverage,213.33,503.31,95,92,47814.45,20266.35,27548.1,2023-01-17,1,Jan,1,2023,57.61,2.359
Heritage Inc.,Brand H,Health & Beauty,367.94,889.4,165,220,146751.0,60710.1,86040.9,2023-11-23,11,Nov,4,2023,58.63,2.417
Eagle Exports,Brand E,Office Supplies,76.32,155.63,23,210,3579.49,1755.36,1824.13,2023-06-08,6,Jun,2,2023,50.96,2.039
Eagle Exports,Brand E,Health & Beauty,106.84,216.91,27,427,5856.57,2884.68,2971.89,2023-08-16,8,Aug,3,2023,50.74,2.03
Delta Traders,Brand D,Furniture,98.45,170.7,70,231,11949.0,6891.5,5057.5,2023-07-20,7,Jul,3,2023,42.33,1.734
FairWay Corp.,Brand F,Health & Beauty,138.61,314.61,194,261,61034.34,26890.34,34144.0,2023-04-21,4,Apr,2,2023,55.94,2.27
Cardinal Goods,Brand C,Electronics,267.38,654.08,109,363,71294.72,29144.42,42150.3,2023-03-05,3,Mar,1,2023,59.12,2.446
Icon Wholesale,Brand I,Health & Beauty,64.49,140.92,189,102,26633.88,12188.61,14445.27,2023-12-06,12,Dec,4,2023,54.24,2.185
Eagle Exports,Brand E,Furniture,435.4,858.05,77,49,66069.85,33525.8,32544.05,2023-06-12,6,Jun,2,2023,49.26,1.971
Cardinal Goods,Brand C,Sporting Goods,155.71,303.56,179,373,54337.24,27872.09,26465.15,2023-02-14,2,Feb,1,2023,48.71,1.95
Apex Supplies,Brand A,Food & Beverage,89.64,205.21,50,109,10260.5,4482.0,5778.5,2023-02-19,2,Feb,1,2023,56.32,2.289
Junction LLC,Brand J,Office Supplies,341.05,633.56,124,455,78561.44,42290.2,36271.24,2023-03-15,3,Mar,1,2023,46.17,1.858
FairWay Corp.,Brand F,Food & Beverage,28.66,63.78,19,87,1211.82,544.54,667.28,2023-11-05,11,Nov,4,2023,55.06,2.225
Blue Ridge Co.,Brand B,Health & Beauty,313.78,568.71,1,19,568.71,313.78,254.93,2023-07-27,7,Jul,3,2023,44.83,1.812
Cardinal Goods,Brand C,Clothing,352.12,418.12,40,13,16724.8,14084.8,2640.0,2023-09-23,9,Sep,3,2023,15.78,1.187
Apex Supplies,Brand A,Food & Beverage,115.31,188.82,160,132,30211.2,18449.6,11761.6,2023-10-10,10,Oct,4,2023,38.93,1.637
Icon Wholesale,Brand I,Sporting Goods,30.56,52.63,22,424,1157.86,672.32,485.54,2023-09-24,9,Sep,3,2023,41.93,1.722
Heritage Inc.,Brand H,Health & Beauty,188.19,244.32,112,295,27363.84,21077.28,6286.56,2023-08-06,8,Aug,3,2023,22.97,1.298
Blue Ridge Co.,Brand B,Office Supplies,58.31,72.51,194,33,14066.94,11312.14,2754.8,2023-07-09,7,Jul,3,2023,19.58,1.244
Heritage Inc.,Brand H,Furniture,67.07,124.06,40,379,4962.4,2682.8,2279.6,2023-06-24,6,Jun,2,2023,45.94,1.85
Icon Wholesale,Brand I,Sporting Goods,134.59,164.09,38,207,6235.42,5114.42,1121.0,2023-11-20,11,Nov,4,2023,17.98,1.219
Apex Supplies,Brand A,Health & Beauty,154.78,235.9,48,300,11323.2,7429.44,3893.76,2023-06-13,6,Jun,2,2023,34.39,1.524
Eagle Exports,Brand E,Sporting Goods,269.69,577.79,183,198,105735.57,49353.27,56382.3,2023-07-16,7,Jul,3,2023,53.32,2.142
Heritage Inc.,Brand H,Food & Beverage,342.41,838.97,75,79,62922.75,25680.75,37242.0,2023-10-21,10,Oct,4,2023,59.19,2.45
Blue Ridge Co.,Brand B,Office Supplies,300.46,632.47,183,70,115742.01,54984.18,60757.83,2023-07-25,7,Jul,3,2023,52.49,2.105
Delta Traders,Brand D,Furniture,82.7,205.9,179,154,36856.1,14803.3,22052.8,2023-02-21,2,Feb,1,2023,59.83,2.49
Global Mart,Brand G,Health & Beauty,94.32,195.97,107,77,20968.79,10092.24,10876.55,2023-11-11,11,Nov,4,2023,51.87,2.078
Cardinal Goods,Brand C,Electronics,440.6,665.88,188,77,125185.44,82832.8,42352.64,2023-04-04,4,Apr,2,2023,33.83,1.511
Eagle Exports,Brand E,Furniture,283.59,578.77,8,171,4630.16,2268.72,2361.44,2023-04-23,4,Apr,2,2023,51.0,2.041
Heritage Inc.,Brand H,Electronics,436.27,908.76,86,288,78153.36,37519.22,40634.14,2023-08-25,8,Aug,3,2023,51.99,2.083
Junction LLC,Brand J,Sporting Goods,192.06,311.22,68,32,21162.96,13060.08,8102.88,2023-12-14,12,Dec,4,2023,38.29,1.62
Cardinal Goods,Brand C,Clothing,311.06,349.88,75,299,26241.0,23329.5,2911.5,2023-04-22,4,Apr,2,2023,11.1,1.125
Delta Traders,Brand D,Furniture,266.6,555.72,137,275,76133.64,36524.2,39609.44,2023-05-17,5,May,2,2023,52.03,2.084
Icon Wholesale,Brand I,Sporting Goods,166.37,188.06,90,366,16925.4,14973.3,1952.1,2023-08-24,8,Aug,3,2023,11.53,1.13
Global Mart,Brand G,Electronics,240.26,476.59,130,419,61956.7,31233.8,30722.9,2023-12-04,12,Dec,4,2023,49.59,1.984
Apex Supplies,Brand A,Food & Beverage,256.22,340.53,80,6,27242.4,20497.6,6744.8,2023-03-14,3,Mar,1,2023,24.76,1.329
Delta Traders,Brand D,Food & Beverage,108.38,205.04,95,159,19478.8,10296.1,9182.7,2023-10-05,10,Oct,4,2023,47.14,1.892
Delta Traders,Brand D,Clothing,164.36,296.75,70,239,20772.5,11505.2,9267.3,2023-01-16,1,Jan,1,2023,44.61,1.805
Icon Wholesale,Brand I,Furniture,397.79,445.09,90,450,40058.1,35801.1,4257.0,2023-02-28,2,Feb,1,2023,10.63,1.119
FairWay Corp.,Brand F,Furniture,458.74,737.66,59,422,43521.94,27065.66,16456.28,2023-07-12,7,Jul,3,2023,37.81,1.608
Icon Wholesale,Brand I,Furniture,186.3,361.71,147,476,53171.37,27386.1,25785.27,2023-03-03,3,Mar,1,2023,48.49,1.942
FairWay Corp.,Brand F,Sporting Goods,160.42,367.05,28,23,10277.4,4491.76,5785.64,2023-01-10,1,Jan,1,2023,56.29,2.288
FairWay Corp.,Brand F,Office Supplies,105.65,247.65,72,213,17830.8,7606.8,10224.0,2023-07-20,7,Jul,3,2023,57.34,2.344
Eagle Exports,Brand E,Office Supplies,342.46,608.68,14,69,8521.52,4794.44,3727.08,2023-11-10,11,Nov,4,2023,43.74,1.777
Eagle Exports,Brand E,Clothing,168.32,356.8,24,367,8563.2,4039.68,4523.52,2023-02-01,2,Feb,1,2023,52.83,2.12
Blue Ridge Co.,Brand B,Furniture,494.0,762.26,112,215,85373.12,55328.0,30045.12,2023-12-25,12,Dec,4,2023,35.19,1.543
Heritage Inc.,Brand H,Sporting Goods,169.59,267.79,44,103,11782.76,7461.96,4320.8,2023-10-26,10,Oct,4,2023,36.67,1.579
Heritage Inc.,Brand H,Food & Beverage,203.13,278.74,56,214,15609.44,11375.28,4234.16,2023-04-02,4,Apr,2,2023,27.13,1.372
Apex Supplies,Brand A,Electronics,305.63,576.64,120,53,69196.8,36675.6,32521.2,2023-10-18,10,Oct,4,2023,47.0,1.887
Heritage Inc.,Brand H,Sporting Goods,402.83,620.52,179,293,111073.08,72106.57,38966.51,2023-01-14,1,Jan,1,2023,35.08,1.54
Eagle Exports,Brand E,Office Supplies,240.06,292.42,32,329,9357.44,7681.92,1675.52,2023-02-27,2,Feb,1,2023,17.91,1.218
Blue Ridge Co.,Brand B,Office Supplies,217.1,447.01,178,335,79567.78,38643.8,40923.98,2023-12-04,12,Dec,4,2023,51.43,2.059
Blue Ridge Co.,Brand B,Food & Beverage,497.86,1040.95,169,202,175920.55,84138.34,91782.21,2023-09-12,9,Sep,3,2023,52.17,2.091
FairWay Corp.,Brand F,Food & Beverage,15.14,24.28,194,287,4710.32,2937.16,1773.16,2023-07-21,7,Jul,3,2023,37.64,1.604
Icon Wholesale,Brand I,Electronics,448.58,541.62,25,44,13540.5,11214.5,2326.0,2023-12-12,12,Dec,4,2023,17.18,1.207
Apex Supplies,Brand A,Food & Beverage,83.08,140.97,116,316,16352.52,9637.28,6715.24,2023-10-30,10,Oct,4,2023,41.07,1.697
FairWay Corp.,Brand F,Clothing,395.1,679.28,189,197,128383.92,74673.9,53710.02,2023-11-09,11,Nov,4,2023,41.84,1.719
Icon Wholesale,Brand I,Electronics,312.79,636.88,66,215,42034.08,20644.14,21389.94,2023-11-20,11,Nov,4,2023,50.89,2.036
Heritage Inc.,Brand H,Food & Beverage,177.51,273.65,42,480,11493.3,7455.42,4037.88,2023-05-07,5,May,2,2023,35.13,1.542
FairWay Corp.,Brand F,Health & Beauty,438.2,900.78,193,308,173850.54,84572.6,89277.94,2023-07-03,7,Jul,3,2023,51.35,2.056
Cardinal Goods,Brand C,Sporting Goods,16.32,37.86,164,383,6209.04,2676.48,3532.56,2023-05-14,5,May,2,2023,56.89,2.32
Heritage Inc.,Brand H,Food & Beverage,121.08,173.44,76,434,13181.44,9202.08,3979.36,2023-07-19,7,Jul,3,2023,30.19,1.432
Icon Wholesale,Brand I,Clothing,287.78,710.96,137,331,97401.52,39425.86,57975.66,2023-06-26,6,Jun,2,2023,59.52,2.47
Apex Supplies,Brand A,Furniture,182.26,299.07,164,183,49047.48,29890.64,19156.84,2023-06-05,6,Jun,2,2023,39.06,1.641
Icon Wholesale,Brand I,Food & Beverage,309.08,455.63,38,26,17313.94,11745.04,5568.9,2023-05-02,5,May,2,2023,32.16,1.474
FairWay Corp.,Brand F,Office Supplies,21.81,36.86,161,165,5934.46,3511.41,2423.05,2023-11-21,11,Nov,4,2023,40.83,1.69
FairWay Corp.,Brand F,Office Supplies,67.06,82.63,170,317,14047.1,11400.2,2646.9,2023-04-29,4,Apr,2,2023,18.84,1.232
Delta Traders,Brand D,Office Supplies,72.28,92.23,61,273,5626.03,4409.08,1216.95,2023-07-19,7,Jul,3,2023,21.63,1.276
Apex Supplies,Brand A,Furniture,102.75,172.64,174,382,30039.36,17878.5,12160.86,2023-01-09,1,Jan,1,2023,40.48,1.68
Junction LLC,Brand J,Office Supplies,235.07,509.5,89,364,45345.5,20921.23,24424.27,2023-07-14,7,Jul,3,2023,53.86,2.167
Heritage Inc.,Brand H,Health & Beauty,378.54,893.52,189,102,168875.28,71544.06,97331.22,2023-10-21,10,Oct,4,2023,57.63,2.36
Blue Ridge Co.,Brand B,Food & Beverage,453.71,921.37,18,447,16584.66,8166.78,8417.88,2023-09-21,9,Sep,3,2023,50.76,2.031
Apex Supplies,Brand A,Office Supplies,419.33,523.03,70,332,36612.1,29353.1,7259.0,2023-01-27,1,Jan,1,2023,19.83,1.247
Blue Ridge Co.,Brand B,Electronics,106.48,217.31,82,372,17819.42,8731.36,9088.06,2023-06-15,6,Jun,2,2023,51.0,2.041
Apex Supplies,Brand A,Furniture,226.16,449.97,116,103,52196.52,26234.56,25961.96,2023-07-29,7,Jul,3,2023,49.74,1.99
Apex Supplies,Brand A,Health & Beauty,107.71,239.99,80,413,19199.2,8616.8,10582.4,2023-03-24,3,Mar,1,2023,55.12,2.228
Icon Wholesale,Brand I,Electronics,139.59,314.82,15,244,4722.3,2093.85,2628.45,2023-10-30,10,Oct,4,2023,55.66,2.255
Apex Supplies,Brand A,Electronics,256.74,594.48,176,304,104628.48,45186.24,59442.24,2023-06-09,6,Jun,2,2023,56.81,2.315
Delta Traders,Brand D,Electronics,43.37,72.85,13,168,947.05,563.81,383.24,2023-10-29,10,Oct,4,2023,40.47,1.68
Junction LLC,Brand J,Electronics,116.91,242.82,119,115,28895.58,13912.29,14983.29,2023-06-25,6,Jun,2,2023,51.85,2.077
FairWay Corp.,Brand F,Food & Beverage,468.34,691.06,43,140,29715.58,20138.62,9576.96,2023-06-08,6,Jun,2,2023,32.23,1.476
Global Mart,Brand G,Office Supplies,238.4,595.78,188,417,112006.64,44819.2,67187.44,2023-10-06,10,Oct,4,2023,59.99,2.499
Blue Ridge Co.,Brand B,Sporting Goods,228.24,307.09,57,355,17504.13,13009.68,4494.45,2023-06-18,6,Jun,2,2023,25.68,1.345
FairWay Corp.,Brand F,Food & Beverage,17.14,19.1,199,477,3800.9,3410.86,390.04,2023-07-06,7,Jul,3,2023,10.26,1.114
Global Mart,Brand G,Food & Beverage,131.23,171.69,17,124,2918.73,2230.91,687.82,2023-07-02,7,Jul,3,2023,23.57,1.308
Junction LLC,Brand J,Health & Beauty,434.48,949.87,178,24,169076.86,77337.44,91739.42,2023-05-21,5,May,2,2023,54.26,2.186
Junction LLC,Brand J,Health & Beauty,90.67,156.45,32,193,5006.4,2901.44,2104.96,2023-02-14,2,Feb,1,2023,42.05,1.725
Blue Ridge Co.,Brand B,Office Supplies,213.41,368.45,150,383,55267.5,32011.5,23256.0,2023-03-28,3,Mar,1,2023,42.08,1.726
Blue Ridge Co.,Brand B,Sporting Goods,17.02,41.48,55,99,2281.4,936.1,1345.3,2023-03-11,3,Mar,1,2023,58.97,2.437
Junction LLC,Brand J,Health & Beauty,244.38,583.45,185,401,107938.25,45210.3,62727.95,2023-07-25,7,Jul,3,2023,58.11,2.387
Global Mart,Brand G,Office Supplies,20.3,31.17,13,4,405.21,263.9,141.31,2023-03-30,3,Mar,1,2023,34.87,1.535
Apex Supplies,Brand A,Office Supplies,411.61,573.24,47,18,26942.28,19345.67,7596.61,2023-07-13,7,Jul,3,2023,28.2,1.393
Heritage Inc.,Brand H,Clothing,414.18,947.59,87,169,82440.33,36033.66,46406.67,2023-11-02,11,Nov,4,2023,56.29,2.288
Cardinal Goods,Brand C,Sporting Goods,395.99,937.87,62,273,58147.94,24551.38,33596.56,2023-10-14,10,Oct,4,2023,57.78,2.368
FairWay Corp.,Brand F,Health & Beauty,148.85,276.6,182,253,50341.2,27090.7,23250.5,2023-10-08,10,Oct,4,2023,46.19,1.858
Icon Wholesale,Brand I,Sporting Goods,420.25,832.6,29,120,24145.4,12187.25,11958.15,2023-11-18,11,Nov,4,2023,49.53,1.981
FairWay Corp.,Brand F,Food & Beverage,276.07,402.97,22,31,8865.34,6073.54,2791.8,2023-09-04,9,Sep,3,2023,31.49,1.46
Icon Wholesale,Brand I,Food & Beverage,193.17,429.05,65,148,27888.25,12556.05,15332.2,2023-03-14,3,Mar,1,2023,54.98,2.221
Global Mart,Brand G,Sporting Goods,316.41,628.06,29,265,18213.74,9175.89,9037.85,2023-02-23,2,Feb,1,2023,49.62,1.985
Icon Wholesale,Brand I,Clothing,16.05,28.97,48,36,1390.56,770.4,620.16,2023-01-20,1,Jan,1,2023,44.6,1.805
Blue Ridge Co.,Brand B,Clothing,80.05,94.79,5,176,473.95,400.25,73.7,2023-06-06,6,Jun,2,2023,15.55,1.184
Heritage Inc.,Brand H,Sporting Goods,373.72,890.32,163,341,145122.16,60916.36,84205.8,2023-06-23,6,Jun,2,2023,58.02,2.382
Heritage Inc.,Brand H,Health & Beauty,129.64,254.31,101,12,25685.31,13093.64,12591.67,2023-04-07,4,Apr,2,2023,49.02,1.962
Blue Ridge Co.,Brand B,Furniture,303.02,415.07,71,182,29469.97,21514.42,7955.55,2023-12-03,12,Dec,4,2023,27.0,1.37
Delta Traders,Brand D,Clothing,198.7,387.25,174,144,67381.5,34573.8,32807.7,2023-07-21,7,Jul,3,2023,48.69,1.949
Global Mart,Brand G,Electronics,428.85,878.48,163,264,143192.24,69902.55,73289.69,2023-06-19,6,Jun,2,2023,51.18,2.048
Delta Traders,Brand D,Food & Beverage,476.68,875.22,173,87,151413.06,82465.64,68947.42,2023-02-22,2,Feb,1,2023,45.54,1.836
Delta Traders,Brand D,Sporting Goods,442.95,932.56,141,427,131490.96,62455.95,69035.01,2023-05-09,5,May,2,2023,52.5,2.105
FairWay Corp.,Brand F,Electronics,142.6,272.94,138,461,37665.72,19678.8,17986.92,2023-09-28,9,Sep,3,2023,47.75,1.914
Junction LLC,Brand J,Sporting Goods,105.14,255.16,66,45,16840.56,6939.24,9901.32,2023-02-08,2,Feb,1,2023,58.79,2.427
FairWay Corp.,Brand F,Office Supplies,242.47,284.94,198,391,56418.12,48009.06,8409.06,2023-08-26,8,Aug,3,2023,14.9,1.175
Junction LLC,Brand J,Food & Beverage,13.59,16.97,72,118,1221.84,978.48,243.36,2023-05-14,5,May,2,2023,19.92,1.249
Cardinal Goods,Brand C,Food & Beverage,22.65,30.42,25,420,760.5,566.25,194.25,2023-12-26,12,Dec,4,2023,25.54,1.343
Icon Wholesale,Brand I,Clothing,281.11,580.84,172,18,99904.48,48350.92,51553.56,2023-09-27,9,Sep,3,2023,51.6,2.066
Junction LLC,Brand J,Clothing,265.02,531.06,60,446,31863.6,15901.2,15962.4,2023-11-29,11,Nov,4,2023,50.1,2.004
Blue Ridge Co.,Brand B,Electronics,497.35,1168.22,175,219,204438.5,87036.25,117402.25,2023-03-04,3,Mar,1,2023,57.43,2.349
FairWay Corp.,Brand F,Office Supplies,108.9,231.52,40,429,9260.8,4356.0,4904.8,2023-02-05,2,Feb,1,2023,52.96,2.126
Global Mart,Brand G,Sporting Goods,136.47,247.24,7,232,1730.68,955.29,775.39,2023-01-29,1,Jan,1,2023,44.8,1.812
Icon Wholesale,Brand I,Office Supplies,65.63,163.32,174,93,28417.68,11419.62,16998.06,2023-03-26,3,Mar,1,2023,59.82,2.488
Cardinal Goods,Brand C,Food & Beverage,459.6,676.78,151,454,102193.78,69399.6,32794.18,2023-01-19,1,Jan,1,2023,32.09,1.473
Junction LLC,Brand J,Electronics,391.13,886.48,46,250,40778.08,17991.98,22786.1,2023-01-07,1,Jan,1,2023,55.88,2.266
Cardinal Goods,Brand C,Furniture,412.95,700.99,86,249,60285.14,35513.7,24771.44,2023-07-24,7,Jul,3,2023,41.09,1.698
Global Mart,Brand G,Electronics,452.35,908.42,141,281,128087.22,63781.35,64305.87,2023-04-27,4,Apr,2,2023,50.2,2.008
Delta Traders,Brand D,Health & Beauty,267.2,565.98,21,231,11885.58,5611.2,6274.38,2023-11-15,11,Nov,4,2023,52.79,2.118
Heritage Inc.,Brand H,Electronics,231.08,459.22,1,45,459.22,231.08,228.14,2023-02-28,2,Feb,1,2023,49.68,1.987
Global Mart,Brand G,Office Supplies,171.89,222.89,123,373,27415.47,21142.47,6273.0,2023-12-25,12,Dec,4,2023,22.88,1.297
Eagle Exports,Brand E,Health & Beauty,298.72,513.84,147,45,75534.48,43911.84,31622.64,2023-11-30,11,Nov,4,2023,41.87,1.72
Global Mart,Brand G,Health & Beauty,232.6,438.69,125,458,54836.25,29075.0,25761.25,2023-05-06,5,May,2,2023,46.98,1.886
Cardinal Goods,Brand C,Health & Beauty,231.27,529.3,188,13,99508.4,43478.76,56029.64,2023-04-18,4,Apr,2,2023,56.31,2.289
Blue Ridge Co.,Brand B,Furniture,469.09,807.35,33,84,26642.55,15479.97,11162.58,2023-01-26,1,Jan,1,2023,41.9,1.721
FairWay Corp.,Brand F,Electronics,492.18,1174.46,4,318,4697.84,1968.72,2729.12,2023-03-28,3,Mar,1,2023,58.09,2.386
Blue Ridge Co.,Brand B,Office Supplies,400.28,687.09,3,327,2061.27,1200.84,860.43,2023-07-11,7,Jul,3,2023,41.74,1.717
Cardinal Goods,Brand C,Electronics,380.81,711.46,91,2,64742.86,34653.71,30089.15,2023-06-10,6,Jun,2,2023,46.47,1.868
FairWay Corp.,Brand F,Furniture,343.47,760.72,52,27,39557.44,17860.44,21697.0,2023-12-23,12,Dec,4,2023,54.85,2.215
Eagle Exports,Brand E,Food & Beverage,91.38,175.11,28,380,4903.08,2558.64,2344.44,2023-01-12,1,Jan,1,2023,47.82,1.916
Heritage Inc.,Brand H,Clothing,38.96,95.23,70,156,6666.1,2727.2,3938.9,2023-10-16,10,Oct,4,2023,59.09,2.444
Icon Wholesale,Brand I,Office Supplies,348.46,705.45,198,342,139679.1,68995.08,70684.02,2023-07-22,7,Jul,3,2023,50.6,2.024
Cardinal Goods,Brand C,Office Supplies,367.11,672.47,183,401,123062.01,67181.13,55880.88,2023-02-25,2,Feb,1,2023,45.41,1.832
Junction LLC,Brand J,Electronics,33.02,37.41,57,418,2132.37,1882.14,250.23,2023-07-17,7,Jul,3,2023,11.73,1.133
Cardinal Goods,Brand C,Clothing,464.75,780.42,108,332,84285.36,50193.0,34092.36,2023-03-13,3,Mar,1,2023,40.45,1.679
Cardinal Goods,Brand C,Sporting Goods,54.66,83.03,144,331,11956.32,7871.04,4085.28,2023-03-02,3,Mar,1,2023,34.17,1.519
FairWay Corp.,Brand F,Sporting Goods,150.09,322.3,24,174,7735.2,3602.16,4133.04,2023-12-26,12,Dec,4,2023,53.43,2.147
Apex Supplies,Brand A,Furniture,339.47,472.4,197,113,93062.8,66875.59,26187.21,2023-05-23,5,May,2,2023,28.14,1.392
Global Mart,Brand G,Sporting Goods,93.24,129.35,169,388,21860.15,15757.56,6102.59,2023-03-16,3,Mar,1,2023,27.92,1.387
Apex Supplies,Brand A,Office Supplies,37.15,50.72,77,486,3905.44,2860.55,1044.89,2023-02-21,2,Feb,1,2023,26.75,1.365
Eagle Exports,Brand E,Sporting Goods,172.26,219.78,175,330,38461.5,30145.5,8316.0,2023-03-26,3,Mar,1,2023,21.62,1.276
Junction LLC,Brand J,Food & Beverage,385.33,591.64,76,249,44964.64,29285.08,15679.56,2023-01-15,1,Jan,1,2023,34.87,1.535
Heritage Inc.,Brand H,Food & Beverage,212.7,497.78,69,58,34346.82,14676.3,19670.52,2023-11-09,11,Nov,4,2023,57.27,2.34
Delta Traders,Brand D,Food & Beverage,329.96,720.93,101,202,72813.93,33325.96,39487.97,2023-05-23,5,May,2,2023,54.23,2.185
Eagle Exports,Brand E,Sporting Goods,294.01,626.05,159,314,99541.95,46747.59,52794.36,2023-07-20,7,Jul,3,2023,53.04,2.129
Delta Traders,Brand D,Furniture,20.89,46.3,92,238,4259.6,1921.88,2337.72,2023-12-26,12,Dec,4,2023,54.88,2.216
Delta Traders,Brand D,Health & Beauty,494.38,730.29,92,233,67186.68,45482.96,21703.72,2023-05-14,5,May,2,2023,32.3,1.477
Heritage Inc.,Brand H,Health & Beauty,30.3,70.98,30,302,2129.4,909.0,1220.4,2023-12-18,12,Dec,4,2023,57.31,2.343
Blue Ridge Co.,Brand B,Clothing,484.22,625.72,18,94,11262.96,8715.96,2547.0,2023-11-27,11,Nov,4,2023,22.61,1.292
Apex Supplies,Brand A,Health & Beauty,279.43,438.95,44,478,19313.8,12294.92,7018.88,2023-10-12,10,Oct,4,2023,36.34,1.571
Cardinal Goods,Brand C,Health & Beauty,481.95,926.04,155,140,143536.2,74702.25,68833.95,2023-09-10,9,Sep,3,2023,47.96,1.921
Icon Wholesale,Brand I,Food & Beverage,66.23,82.39,99,333,8156.61,6556.77,1599.84,2023-01-14,1,Jan,1,2023,19.61,1.244
Delta Traders,Brand D,Food & Beverage,250.3,531.18,154,112,81801.72,38546.2,43255.52,2023-04-03,4,Apr,2,2023,52.88,2.122
Junction LLC,Brand J,Sporting Goods,93.06,152.82,121,108,18491.22,11260.26,7230.96,2023-08-05,8,Aug,3,2023,39.1,1.642
Eagle Exports,Brand E,Clothing,34.98,76.89,115,361,8842.35,4022.7,4819.65,2023-07-07,7,Jul,3,2023,54.51,2.198
Blue Ridge Co.,Brand B,Electronics,312.59,559.55,60,344,33573.0,18755.4,14817.6,2023-08-07,8,Aug,3,2023,44.14,1.79
Delta Traders,Brand D,Office Supplies,111.81,151.3,146,288,22089.8,16324.26,5765.54,2023-03-25,3,Mar,1,2023,26.1,1.353
Blue Ridge Co.,Brand B,Clothing,297.97,634.28,56,96,35519.68,16686.32,18833.36,2023-08-31,8,Aug,3,2023,53.02,2.129
Blue Ridge Co.,Brand B,Clothing,65.06,94.53,31,445,2930.43,2016.86,913.57,2023-10-21,10,Oct,4,2023,31.18,1.453
Delta Traders,Brand D,Furniture,172.67,308.58,101,334,31166.58,17439.67,13726.91,2023-02-14,2,Feb,1,2023,44.04,1.787
FairWay Corp.,Brand F,Sporting Goods,393.0,473.86,59,15,27957.74,23187.0,4770.74,2023-01-23,1,Jan,1,2023,17.06,1.206
Global Mart,Brand G,Furniture,224.16,440.48,124,43,54619.52,27795.84,26823.68,2023-02-03,2,Feb,1,2023,49.11,1.965
Junction LLC,Brand J,Clothing,317.6,645.43,130,441,83905.9,41288.0,42617.9,2023-01-06,1,Jan,1,2023,50.79,2.032
Cardinal Goods,Brand C,Clothing,327.25,533.46,97,375,51745.62,31743.25,20002.37,2023-07-01,7,Jul,3,2023,38.66,1.63
Cardinal Goods,Brand C,Clothing,423.44,1031.58,167,229,172273.86,70714.48,101559.38,2023-12-28,12,Dec,4,2023,58.95,2.436
Junction LLC,Brand J,Health & Beauty,169.21,393.22,189,389,74318.58,31980.69,42337.89,2023-05-19,5,May,2,2023,56.97,2.324
FairWay Corp.,Brand F,Office Supplies,346.77,725.14,107,107,77589.98,37104.39,40485.59,2023-04-14,4,Apr,2,2023,52.18,2.091
Cardinal Goods,Brand C,Office Supplies,481.19,1010.07,191,216,192923.37,91907.29,101016.08,2023-02-26,2,Feb,1,2023,52.36,2.099
Blue Ridge Co.,Brand B,Furniture,367.82,534.58,18,398,9622.44,6620.76,3001.68,2023-09-12,9,Sep,3,2023,31.19,1.453
Heritage Inc.,Brand H,Clothing,250.04,504.97,145,259,73220.65,36255.8,36964.85,2023-11-02,11,Nov,4,2023,50.48,2.02
Eagle Exports,Brand E,Office Supplies,319.05,439.49,167,311,73394.83,53281.35,20113.48,2023-05-31,5,May,2,2023,27.4,1.377
Apex Supplies,Brand A,Food & Beverage,372.44,484.77,71,319,34418.67,26443.24,7975.43,2023-10-22,10,Oct,4,2023,23.17,1.302
Cardinal Goods,Brand C,Office Supplies,310.02,774.82,106,195,82130.92,32862.12,49268.8,2023-06-30,6,Jun,2,2023,59.99,2.499
Junction LLC,Brand J,Sporting Goods,18.17,35.82,54,477,1934.28,981.18,953.1,2023-07-16,7,Jul,3,2023,49.27,1.971
Heritage Inc.,Brand H,Sporting Goods,105.44,179.6,94,417,16882.4,9911.36,6971.04,2023-05-24,5,May,2,2023,41.29,1.703
Delta Traders,Brand D,Office Supplies,407.13,612.09,76,474,46518.84,30941.88,15576.96,2023-08-24,8,Aug,3,2023,33.49,1.503
Global Mart,Brand G,Food & Beverage,143.6,279.37,35,94,9777.95,5026.0,4751.95,2023-03-26,3,Mar,1,2023,48.6,1.945
Junction LLC,Brand J,Sporting Goods,368.47,430.9,11,55,4739.9,4053.17,686.73,2023-05-04,5,May,2,2023,14.49,1.169
Blue Ridge Co.,Brand B,Health & Beauty,192.34,237.07,61,31,14461.27,11732.74,2728.53,2023-09-27,9,Sep,3,2023,18.87,1.233
Global Mart,Brand G,Office Supplies,265.72,304.51,44,491,13398.44,11691.68,1706.76,2023-06-28,6,Jun,2,2023,12.74,1.146
Eagle Exports,Brand E,Health & Beauty,43.31,77.91,121,230,9427.11,5240.51,4186.6,2023-05-02,5,May,2,2023,44.41,1.799
Eagle Exports,Brand E,Office Supplies,98.8,191.76,68,371,13039.68,6718.4,6321.28,2023-08-20,8,Aug,3,2023,48.48,1.941
FairWay Corp.,Brand F,Electronics,479.03,568.83,25,8,14220.75,11975.75,2245.0,2023-05-07,5,May,2,2023,15.79,1.187
Icon Wholesale,Brand I,Electronics,446.17,941.29,176,190,165667.04,78525.92,87141.12,2023-06-30,6,Jun,2,2023,52.6,2.11
FairWay Corp.,Brand F,Electronics,329.61,468.89,160,360,75022.4,52737.6,22284.8,2023-01-15,1,Jan,1,2023,29.7,1.423
Heritage Inc.,Brand H,Sporting Goods,235.23,484.4,84,199,40689.6,19759.32,20930.28,2023-04-08,4,Apr,2,2023,51.44,2.059
Global Mart,Brand G,Health & Beauty,341.12,844.15,114,333,96233.1,38887.68,57345.42,2023-01-20,1,Jan,1,2023,59.59,2.475
Icon Wholesale,Brand I,Health & Beauty,313.12,647.39,132,160,85455.48,41331.84,44123.64,2023-08-24,8,Aug,3,2023,51.63,2.068
Delta Traders,Brand D,Health & Beauty,288.59,674.28,166,86,111930.48,47905.94,64024.54,2023-05-19,5,May,2,2023,57.2,2.336
Blue Ridge Co.,Brand B,Food & Beverage,39.0,94.67,191,20,18081.97,7449.0,10632.97,2023-01-03,1,Jan,1,2023,58.8,2.427
Global Mart,Brand G,Health & Beauty,320.07,570.19,175,310,99783.25,56012.25,43771.0,2023-03-09,3,Mar,1,2023,43.87,1.781
FairWay Corp.,Brand F,Food & Beverage,386.77,805.74,1,75,805.74,386.77,418.97,2023-08-30,8,Aug,3,2023,52.0,2.083
Apex Supplies,Brand A,Electronics,497.1,1139.73,131,440,149304.63,65120.1,84184.53,2023-11-05,11,Nov,4,2023,56.38,2.293
Icon Wholesale,Brand I,Electronics,15.43,24.68,86,385,2122.48,1326.98,795.5,2023-02-07,2,Feb,1,2023,37.48,1.599
Icon Wholesale,Brand I,Sporting Goods,367.78,539.15,62,140,33427.3,22802.36,10624.94,2023-07-26,7,Jul,3,2023,31.79,1.466
Blue Ridge Co.,Brand B,Office Supplies,290.18,703.76,64,125,45040.64,18571.52,26469.12,2023-11-07,11,Nov,4,2023,58.77,2.425
Cardinal Goods,Brand C,Electronics,222.69,471.4,145,250,68353.0,32290.05,36062.95,2023-06-07,6,Jun,2,2023,52.76,2.117
Eagle Exports,Brand E,Office Supplies,72.51,102.06,126,387,12859.56,9136.26,3723.3,2023-08-21,8,Aug,3,2023,28.95,1.408
Eagle Exports,Brand E,Office Supplies,210.45,363.81,105,83,38200.05,22097.25,16102.8,2023-03-22,3,Mar,1,2023,42.15,1.729
Apex Supplies,Brand A,Sporting Goods,183.64,406.77,62,433,25219.74,11385.68,13834.06,2023-08-09,8,Aug,3,2023,54.85,2.215
Heritage Inc.,Brand H,Clothing,158.39,295.54,35,370,10343.9,5543.65,4800.25,2023-06-06,6,Jun,2,2023,46.41,1.866
Heritage Inc.,Brand H,Clothing,368.13,739.92,13,47,9618.96,4785.69,4833.27,2023-02-11,2,Feb,1,2023,50.25,2.01
Delta Traders,Brand D,Furniture,353.36,761.59,163,378,124139.17,57597.68,66541.49,2023-04-06,4,Apr,2,2023,53.6,2.155
Global Mart,Brand G,Sporting Goods,298.62,588.52,43,77,25306.36,12840.66,12465.7,2023-11-04,11,Nov,4,2023,49.26,1.971
Junction LLC,Brand J,Furniture,469.95,872.28,130,29,113396.4,61093.5,52302.9,2023-03-06,3,Mar,1,2023,46.12,1.856
Cardinal Goods,Brand C,Furniture,181.43,389.98,184,284,71756.32,33383.12,38373.2,2023-04-24,4,Apr,2,2023,53.48,2.149
FairWay Corp.,Brand F,Clothing,129.46,274.27,111,135,30443.97,14370.06,16073.91,2023-07-06,7,Jul,3,2023,52.8,2.119
Junction LLC,Brand J,Sporting Goods,331.39,656.76,128,139,84065.28,42417.92,41647.36,2023-10-14,10,Oct,4,2023,49.54,1.982
Junction LLC,Brand J,Clothing,107.42,172.27,51,40,8785.77,5478.42,3307.35,2023-10-16,10,Oct,4,2023,37.64,1.604
Icon Wholesale,Brand I,Furniture,164.36,274.17,182,485,49898.94,29913.52,19985.42,2023-06-18,6,Jun,2,2023,40.05,1.668
Apex Supplies,Brand A,Sporting Goods,120.06,295.18,144,281,42505.92,17288.64,25217.28,2023-09-20,9,Sep,3,2023,59.33,2.459
Eagle Exports,Brand E,Furniture,43.89,55.18,146,49,8056.28,6407.94,1648.34,2023-10-27,10,Oct,4,2023,20.46,1.257
Delta Traders,Brand D,Health & Beauty,415.47,613.2,135,257,82782.0,56088.45,26693.55,2023-08-04,8,Aug,3,2023,32.25,1.476
Heritage Inc.,Brand H,Office Supplies,134.72,241.06,45,310,10847.7,6062.4,4785.3,2023-01-30,1,Jan,1,2023,44.11,1.789
Apex Supplies,Brand A,Sporting Goods,241.78,549.18,164,359,90065.52,39651.92,50413.6,2023-06-08,6,Jun,2,2023,55.97,2.271
Icon Wholesale,Brand I,Sporting Goods,31.22,41.5,169,439,7013.5,5276.18,1737.32,2023-07-29,7,Jul,3,2023,24.77,1.329
FairWay Corp.,Brand F,Office Supplies,352.68,524.69,42,269,22036.98,14812.56,7224.42,2023-11-14,11,Nov,4,2023,32.78,1.488
Delta Traders,Brand D,Furniture,171.97,205.01,135,133,27676.35,23215.95,4460.4,2023-08-02,8,Aug,3,2023,16.12,1.192
Icon Wholesale,Brand I,Health & Beauty,374.92,782.98,15,233,11744.7,5623.8,6120.9,2023-03-22,3,Mar,1,2023,52.12,2.088
Eagle Exports,Brand E,Food & Beverage,212.08,304.02,60,127,18241.2,12724.8,5516.4,2023-11-22,11,Nov,4,2023,30.24,1.434
Eagle Exports,Brand E,Office Supplies,105.92,174.15,40,103,6966.0,4236.8,2729.2,2023-09-30,9,Sep,3,2023,39.18,1.644
Eagle Exports,Brand E,Clothing,261.46,450.02,165,253,74253.3,43140.9,31112.4,2023-03-26,3,Mar,1,2023,41.9,1.721
Apex Supplies,Brand A,Furniture,73.95,173.62,194,94,33682.28,14346.3,19335.98,2023-11-16,11,Nov,4,2023,57.41,2.348
Apex Supplies,Brand A,Office Supplies,225.86,378.51,112,336,42393.12,25296.32,17096.8,2023-07-11,7,Jul,3,2023,40.33,1.676
Heritage Inc.,Brand H,Office Supplies,165.48,215.67,183,216,39467.61,30282.84,9184.77,2023-03-27,3,Mar,1,2023,23.27,1.303
Heritage Inc.,Brand H,Sporting Goods,456.86,837.9,77,60,64518.3,35178.22,29340.08,2023-04-12,4,Apr,2,2023,45.48,1.834
FairWay Corp.,Brand F,Clothing,39.86,97.58,105,479,10245.9,4185.3,6060.6,2023-01-15,1,Jan,1,2023,59.15,2.448
Delta Traders,Brand D,Clothing,350.07,682.9,107,267,73070.3,37457.49,35612.81,2023-07-13,7,Jul,3,2023,48.74,1.951
Blue Ridge Co.,Brand B,Clothing,99.55,246.56,122,240,30080.32,12145.1,17935.22,2023-02-13,2,Feb,1,2023,59.62,2.477
Blue Ridge Co.,Brand B,Office Supplies,166.33,378.82,80,12,30305.6,13306.4,16999.2,2023-04-12,4,Apr,2,2023,56.09,2.278
Icon Wholesale,Brand I,Food & Beverage,213.6,245.72,125,146,30715.0,26700.0,4015.0,2023-04-18,4,Apr,2,2023,13.07,1.15
Eagle Exports,Brand E,Electronics,454.93,919.76,184,427,169235.84,83707.12,85528.72,2023-09-05,9,Sep,3,2023,50.54,2.022
Delta Traders,Brand D,Furniture,128.86,193.48,172,239,33278.56,22163.92,11114.64,2023-12-18,12,Dec,4,2023,33.4,1.501
Junction LLC,Brand J,Electronics,54.74,103.1,185,88,19073.5,10126.9,8946.6,2023-12-10,12,Dec,4,2023,46.91,1.883
Apex Supplies,Brand A,Office Supplies,166.16,247.76,134,94,33199.84,22265.44,10934.4,2023-11-28,11,Nov,4,2023,32.94,1.491
Global Mart,Brand G,Electronics,61.29,97.35,32,314,3115.2,1961.28,1153.92,2023-12-26,12,Dec,4,2023,37.04,1.588
Cardinal Goods,Brand C,Office Supplies,73.01,174.67,108,292,18864.36,7885.08,10979.28,2023-08-26,8,Aug,3,2023,58.2,2.392
FairWay Corp.,Brand F,Electronics,291.19,404.55,114,24,46118.7,33195.66,12923.04,2023-07-27,7,Jul,3,2023,28.02,1.389
Eagle Exports,Brand E,Clothing,39.84,92.58,146,271,13516.68,5816.64,7700.04,2023-02-18,2,Feb,1,2023,56.97,2.324
Eagle Exports,Brand E,Health & Beauty,25.16,28.75,68,165,1955.0,1710.88,244.12,2023-12-20,12,Dec,4,2023,12.49,1.143
Eagle Exports,Brand E,Clothing,360.06,441.88,127,426,56118.76,45727.62,10391.14,2023-03-02,3,Mar,1,2023,18.52,1.227
Apex Supplies,Brand A,Clothing,187.21,429.94,135,496,58041.9,25273.35,32768.55,2023-02-26,2,Feb,1,2023,56.46,2.297
Apex Supplies,Brand A,Sporting Goods,71.43,141.63,114,249,16145.82,8143.02,8002.8,2023-07-15,7,Jul,3,2023,49.57,1.983
Cardinal Goods,Brand C,Sporting Goods,134.27,288.16,8,86,2305.28,1074.16,1231.12,2023-07-18,7,Jul,3,2023,53.4,2.146
Junction LLC,Brand J,Electronics,324.62,452.26,64,141,28944.64,20775.68,8168.96,2023-05-07,5,May,2,2023,28.22,1.393
Delta Traders,Brand D,Office Supplies,145.01,268.55,135,133,36254.25,19576.35,16677.9,2023-01-07,1,Jan,1,2023,46.0,1.852
Eagle Exports,Brand E,Clothing,252.32,537.97,41,472,22056.77,10345.12,11711.65,2023-11-28,11,Nov,4,2023,53.1,2.132
Blue Ridge Co.,Brand B,Electronics,69.63,137.74,40,278,5509.6,2785.2,2724.4,2023-12-02,12,Dec,4,2023,49.45,1.978
Heritage Inc.,Brand H,Sporting Goods,298.17,524.89,3,125,1574.67,894.51,680.16,2023-03-12,3,Mar,1,2023,43.19,1.76
Blue Ridge Co.,Brand B,Health & Beauty,164.88,402.92,145,315,58423.4,23907.6,34515.8,2023-02-15,2,Feb,1,2023,59.08,2.444
Icon Wholesale,Brand I,Furniture,317.21,649.21,194,490,125946.74,61538.74,64408.0,2023-07-26,7,Jul,3,2023,51.14,2.047
Blue Ridge Co.,Brand B,Electronics,406.11,962.83,110,395,105911.3,44672.1,61239.2,2023-07-23,7,Jul,3,2023,57.82,2.371
Icon Wholesale,Brand I,Health & Beauty,309.71,657.11,114,140,74910.54,35306.94,39603.6,2023-09-18,9,Sep,3,2023,52.87,2.122
Global Mart,Brand G,Furniture,154.92,329.93,112,355,36952.16,17351.04,19601.12,2023-08-07,8,Aug,3,2023,53.04,2.13
Heritage Inc.,Brand H,Food & Beverage,135.31,164.0,180,102,29520.0,24355.8,5164.2,2023-07-14,7,Jul,3,2023,17.49,1.212
Blue Ridge Co.,Brand B,Electronics,170.44,273.26,150,225,40989.0,25566.0,15423.0,2023-05-25,5,May,2,2023,37.63,1.603
Global Mart,Brand G,Electronics,90.66,208.67,4,389,834.68,362.64,472.04,2023-06-04,6,Jun,2,2023,56.55,2.302
FairWay Corp.,Brand F,Food & Beverage,98.77,140.81,134,62,18868.54,13235.18,5633.36,2023-06-08,6,Jun,2,2023,29.86,1.426
Delta Traders,Brand D,Food & Beverage,397.44,501.45,166,293,83240.7,65975.04,17265.66,2023-10-24,10,Oct,4,2023,20.74,1.262
Global Mart,Brand G,Electronics,198.52,309.01,26,383,8034.26,5161.52,2872.74,2023-03-10,3,Mar,1,2023,35.76,1.557
Delta Traders,Brand D,Food & Beverage,223.64,315.02,139,305,43787.78,31085.96,12701.82,2023-05-12,5,May,2,2023,29.01,1.409
Blue Ridge Co.,Brand B,Clothing,301.08,721.21,17,253,12260.57,5118.36,7142.21,2023-10-21,10,Oct,4,2023,58.25,2.395
Junction LLC,Brand J,Furniture,298.93,692.07,92,179,63670.44,27501.56,36168.88,2023-12-15,12,Dec,4,2023,56.81,2.315
Global Mart,Brand G,Furniture,43.01,77.4,31,39,2399.4,1333.31,1066.09,2023-02-06,2,Feb,1,2023,44.43,1.8
Heritage Inc.,Brand H,Furniture,417.45,495.05,163,263,80693.15,68044.35,12648.8,2023-03-22,3,Mar,1,2023,15.68,1.186
Blue Ridge Co.,Brand B,Clothing,96.89,203.51,144,188,29305.44,13952.16,15353.28,2023-12-20,12,Dec,4,2023,52.39,2.1
Eagle Exports,Brand E,Office Supplies,364.31,718.7,107,7,76900.9,38981.17,37919.73,2023-12-23,12,Dec,4,2023,49.31,1.973
Apex Supplies,Brand A,Food & Beverage,388.61,955.51,146,103,139504.46,56737.06,82767.4,2023-02-23,2,Feb,1,2023,59.33,2.459
Global Mart,Brand G,Health & Beauty,360.3,678.28,111,224,75289.08,39993.3,35295.78,2023-08-31,8,Aug,3,2023,46.88,1.883
Heritage Inc.,Brand H,Food & Beverage,293.7,461.39,101,33,46600.39,29663.7,16936.69,2023-11-14,11,Nov,4,2023,36.34,1.571
FairWay Corp.,Brand F,Electronics,17.16,31.34,112,235,3510.08,1921.92,1588.16,2023-03-31,3,Mar,1,2023,45.25,1.826
Eagle Exports,Brand E,Sporting Goods,186.58,461.03,62,462,28583.86,11567.96,17015.9,2023-03-03,3,Mar,1,2023,59.53,2.471
FairWay Corp.,Brand F,Furniture,306.37,635.69,112,227,71197.28,34313.44,36883.84,2023-12-25,12,Dec,4,2023,51.81,2.075
Blue Ridge Co.,Brand B,Food & Beverage,199.85,407.85,155,187,63216.75,30976.75,32240.0,2023-06-17,6,Jun,2,2023,51.0,2.041
Apex Supplies,Brand A,Health & Beauty,433.11,622.36,163,312,101444.68,70596.93,30847.75,2023-10-31,10,Oct,4,2023,30.41,1.437
Global Mart,Brand G,Electronics,161.31,345.37,116,482,40062.92,18711.96,21350.96,2023-12-06,12,Dec,4,2023,53.29,2.141
Global Mart,Brand G,Clothing,153.83,330.79,173,429,57226.67,26612.59,30614.08,2023-07-18,7,Jul,3,2023,53.5,2.15
Junction LLC,Brand J,Office Supplies,140.34,216.71,35,21,7584.85,4911.9,2672.95,2023-05-25,5,May,2,2023,35.24,1.544
Junction LLC,Brand J,Clothing,173.06,307.56,28,342,8611.68,4845.68,3766.0,2023-09-21,9,Sep,3,2023,43.73,1.777
Blue Ridge Co.,Brand B,Health & Beauty,283.13,428.22,103,39,44106.66,29162.39,14944.27,2023-10-12,10,Oct,4,2023,33.88,1.512
Blue Ridge Co.,Brand B,Electronics,356.44,521.18,125,172,65147.5,44555.0,20592.5,2023-12-21,12,Dec,4,2023,31.61,1.462
Apex Supplies,Brand A,Furniture,334.66,380.26,102,438,38786.52,34135.32,4651.2,2023-10-28,10,Oct,4,2023,11.99,1.136
Junction LLC,Brand J,Food & Beverage,405.78,608.38,137,178,83348.06,55591.86,27756.2,2023-10-04,10,Oct,4,2023,33.3,1.499
Heritage Inc.,Brand H,Electronics,444.1,832.94,143,85,119110.42,63506.3,55604.12,2023-12-13,12,Dec,4,2023,46.68,1.876
Heritage Inc.,Brand H,Office Supplies,409.88,451.79,21,132,9487.59,8607.48,880.11,2023-06-24,6,Jun,2,2023,9.28,1.102
Apex Supplies,Brand A,Clothing,19.28,28.85,52,350,1500.2,1002.56,497.64,2023-02-27,2,Feb,1,2023,33.17,1.496
Heritage Inc.,Brand H,Office Supplies,370.6,864.97,163,12,140990.11,60407.8,80582.31,2023-06-21,6,Jun,2,2023,57.15,2.334
Icon Wholesale,Brand I,Office Supplies,112.12,216.52,97,27,21002.44,10875.64,10126.8,2023-12-05,12,Dec,4,2023,48.22,1.931
Delta Traders,Brand D,Health & Beauty,75.13,146.58,51,83,7475.58,3831.63,3643.95,2023-04-24,4,Apr,2,2023,48.74,1.951
Apex Supplies,Brand A,Health & Beauty,322.86,537.47,83,480,44610.01,26797.38,17812.63,2023-01-14,1,Jan,1,2023,39.93,1.665
Apex Supplies,Brand A,Food & Beverage,166.67,341.18,55,463,18764.9,9166.85,9598.05,2023-11-13,11,Nov,4,2023,51.15,2.047
Cardinal Goods,Brand C,Health & Beauty,37.99,51.89,77,317,3995.53,2925.23,1070.3,2023-06-20,6,Jun,2,2023,26.79,1.366
Eagle Exports,Brand E,Health & Beauty,77.44,173.95,127,348,22091.65,9834.88,12256.77,2023-01-11,1,Jan,1,2023,55.48,2.246
Eagle Exports,Brand E,Electronics,10.46,13.21,172,342,2272.12,1799.12,473.0,2023-03-12,3,Mar,1,2023,20.82,1.263
Icon Wholesale,Brand I,Furniture,452.58,913.49,193,279,176303.57,87347.94,88955.63,2023-01-03,1,Jan,1,2023,50.46,2.018
Junction LLC,Brand J,Food & Beverage,22.06,34.8,93,353,3236.4,2051.58,1184.82,2023-08-17,8,Aug,3,2023,36.61,1.578
Blue Ridge Co.,Brand B,Electronics,112.63,241.76,88,262,21274.88,9911.44,11363.44,2023-10-26,10,Oct,4,2023,53.41,2.146
Blue Ridge Co.,Brand B,Furniture,213.97,400.05,80,165,32004.0,17117.6,14886.4,2023-11-06,11,Nov,4,2023,46.51,1.87
FairWay Corp.,Brand F,Office Supplies,184.72,320.17,153,292,48986.01,28262.16,20723.85,2023-02-06,2,Feb,1,2023,42.31,1.733
Icon Wholesale,Brand I,Electronics,456.75,610.76,92,67,56189.92,42021.0,14168.92,2023-12-20,12,Dec,4,2023,25.22,1.337
Apex Supplies,Brand A,Sporting Goods,29.74,59.23,47,225,2783.81,1397.78,1386.03,2023-09-08,9,Sep,3,2023,49.79,1.992
Icon Wholesale,Brand I,Electronics,260.99,643.26,184,169,118359.84,48022.16,70337.68,2023-01-07,1,Jan,1,2023,59.43,2.465
Icon Wholesale,Brand I,Health & Beauty,343.43,774.72,38,85,29439.36,13050.34,16389.02,2023-01-30,1,Jan,1,2023,55.67,2.256
Icon Wholesale,Brand I,Furniture,466.53,552.38,139,132,76780.82,64847.67,11933.15,2023-11-21,11,Nov,4,2023,15.54,1.184
Eagle Exports,Brand E,Food & Beverage,313.98,510.76,195,447,99598.2,61226.1,38372.1,2023-06-28,6,Jun,2,2023,38.53,1.627
Icon Wholesale,Brand I,Food & Beverage,403.84,967.53,15,177,14512.95,6057.6,8455.35,2023-05-26,5,May,2,2023,58.26,2.396
Delta Traders,Brand D,Furniture,51.03,92.07,1,489,92.07,51.03,41.04,2023-06-12,6,Jun,2,2023,44.57,1.804
Blue Ridge Co.,Brand B,Health & Beauty,199.11,403.59,135,342,54484.65,26879.85,27604.8,2023-03-27,3,Mar,1,2023,50.67,2.027
FairWay Corp.,Brand F,Clothing,193.23,459.43,1,251,459.43,193.23,266.2,2023-04-07,4,Apr,2,2023,57.94,2.378
Delta Traders,Brand D,Electronics,444.28,1032.2,49,14,50577.8,21769.72,28808.08,2023-12-28,12,Dec,4,2023,56.96,2.323
FairWay Corp.,Brand F,Health & Beauty,84.17,151.72,96,222,14565.12,8080.32,6484.8,2023-05-25,5,May,2,2023,44.52,1.803
Cardinal Goods,Brand C,Sporting Goods,84.42,144.59,157,378,22700.63,13253.94,9446.69,2023-06-04,6,Jun,2,2023,41.61,1.713
FairWay Corp.,Brand F,Office Supplies,170.99,269.41,26,200,7004.66,4445.74,2558.92,2023-09-21,9,Sep,3,2023,36.53,1.576
Blue Ridge Co.,Brand B,Furniture,36.69,77.29,87,106,6724.23,3192.03,3532.2,2023-03-05,3,Mar,1,2023,52.53,2.107
Blue Ridge Co.,Brand B,Electronics,99.4,149.28,173,249,25825.44,17196.2,8629.24,2023-05-07,5,May,2,2023,33.41,1.502
Icon Wholesale,Brand I,Food & Beverage,482.95,700.2,93,436,65118.6,44914.35,20204.25,2023-06-20,6,Jun,2,2023,31.03,1.45
Global Mart,Brand G,Office Supplies,219.81,351.42,102,408,35844.84,22420.62,13424.22,2023-06-16,6,Jun,2,2023,37.45,1.599
Cardinal Goods,Brand C,Clothing,319.69,430.97,71,88,30598.87,22697.99,7900.88,2023-01-27,1,Jan,1,2023,25.82,1.348
Apex Supplies,Brand A,Sporting Goods,365.79,758.34,140,124,106167.6,51210.6,54957.0,2023-09-12,9,Sep,3,2023,51.76,2.073
Heritage Inc.,Brand H,Food & Beverage,189.81,372.55,95,112,35392.25,18031.95,17360.3,2023-11-08,11,Nov,4,2023,49.05,1.963
FairWay Corp.,Brand F,Furniture,82.14,145.88,160,468,23340.8,13142.4,10198.4,2023-05-03,5,May,2,2023,43.69,1.776
Global Mart,Brand G,Electronics,111.22,183.12,118,136,21608.16,13123.96,8484.2,2023-09-20,9,Sep,3,2023,39.26,1.646
Icon Wholesale,Brand I,Furniture,163.5,387.93,148,246,57413.64,24198.0,33215.64,2023-05-05,5,May,2,2023,57.85,2.373
Eagle Exports,Brand E,Office Supplies,321.67,366.95,119,495,43667.05,38278.73,5388.32,2023-10-04,10,Oct,4,2023,12.34,1.141
Apex Supplies,Brand A,Electronics,205.16,446.58,51,165,22775.58,10463.16,12312.42,2023-10-16,10,Oct,4,2023,54.06,2.177
Junction LLC,Brand J,Health & Beauty,13.34,31.52,81,149,2553.12,1080.54,1472.58,2023-08-21,8,Aug,3,2023,57.68,2.363
Global Mart,Brand G,Clothing,266.47,459.63,36,362,16546.68,9592.92,6953.76,2023-06-24,6,Jun,2,2023,42.03,1.725
Eagle Exports,Brand E,Health & Beauty,461.54,863.53,67,342,57856.51,30923.18,26933.33,2023-05-05,5,May,2,2023,46.55,1.871
Cardinal Goods,Brand C,Health & Beauty,407.92,988.08,129,432,127462.32,52621.68,74840.64,2023-07-25,7,Jul,3,2023,58.72,2.422
Icon Wholesale,Brand I,Furniture,414.35,578.93,114,67,65998.02,47235.9,18762.12,2023-01-22,1,Jan,1,2023,28.43,1.397
Apex Supplies,Brand A,Office Supplies,399.58,730.51,155,220,113229.05,61934.9,51294.15,2023-03-18,3,Mar,1,2023,45.3,1.828
Apex Supplies,Brand A,Clothing,168.63,297.57,111,270,33030.27,18717.93,14312.34,2023-03-05,3,Mar,1,2023,43.33,1.765
Apex Supplies,Brand A,Electronics,384.94,562.69,168,320,94531.92,64669.92,29862.0,2023-11-02,11,Nov,4,2023,31.59,1.462
Cardinal Goods,Brand C,Electronics,80.15,180.02,142,309,25562.84,11381.3,14181.54,2023-01-08,1,Jan,1,2023,55.48,2.246
FairWay Corp.,Brand F,Sporting Goods,332.28,783.99,100,413,78399.0,33228.0,45171.0,2023-09-11,9,Sep,3,2023,57.62,2.359
Junction LLC,Brand J,Food & Beverage,324.37,711.9,197,348,140244.3,63900.89,76343.41,2023-01-06,1,Jan,1,2023,54.44,2.195
Cardinal Goods,Brand C,Sporting Goods,22.53,30.95,109,19,3373.55,2455.77,917.78,2023-06-25,6,Jun,2,2023,27.21,1.374
Heritage Inc.,Brand H,Sporting Goods,396.11,483.83,120,288,58059.6,47533.2,10526.4,2023-12-15,12,Dec,4,2023,18.13,1.221
Junction LLC,Brand J,Electronics,452.59,881.47,79,488,69636.13,35754.61,33881.52,2023-05-23,5,May,2,2023,48.66,1.948
Blue Ridge Co.,Brand B,Furniture,141.03,166.41,134,491,22298.94,18898.02,3400.92,2023-01-03,1,Jan,1,2023,15.25,1.18
Icon Wholesale,Brand I,Health & Beauty,408.07,833.26,161,99,134154.86,65699.27,68455.59,2023-06-17,6,Jun,2,2023,51.03,2.042
Cardinal Goods,Brand C,Office Supplies,50.38,92.83,183,251,16987.89,9219.54,7768.35,2023-12-26,12,Dec,4,2023,45.73,1.843
Eagle Exports,Brand E,Health & Beauty,303.98,616.44,19,469,11712.36,5775.62,5936.74,2023-05-29,5,May,2,2023,50.69,2.028
Junction LLC,Brand J,Health & Beauty,247.97,477.65,127,76,60661.55,31492.19,29169.36,2023-05-31,5,May,2,2023,48.09,1.926
Heritage Inc.,Brand H,Clothing,277.5,469.47,29,134,13614.63,8047.5,5567.13,2023-10-02,10,Oct,4,2023,40.89,1.692
Blue Ridge Co.,Brand B,Electronics,463.84,640.67,189,391,121086.63,87665.76,33420.87,2023-08-09,8,Aug,3,2023,27.6,1.381
FairWay Corp.,Brand F,Office Supplies,436.94,667.64,198,411,132192.72,86514.12,45678.6,2023-06-08,6,Jun,2,2023,34.55,1.528
Eagle Exports,Brand E,Furniture,394.69,723.98,24,172,17375.52,9472.56,7902.96,2023-02-23,2,Feb,1,2023,45.48,1.834
Junction LLC,Brand J,Clothing,144.11,290.04,151,362,43796.04,21760.61,22035.43,2023-08-08,8,Aug,3,2023,50.31,2.013
Icon Wholesale,Brand I,Food & Beverage,456.79,1000.95,10,200,10009.5,4567.9,5441.6,2023-06-07,6,Jun,2,2023,54.36,2.191
Eagle Exports,Brand E,Furniture,57.78,125.62,182,216,22862.84,10515.96,12346.88,2023-04-10,4,Apr,2,2023,54.0,2.174
Blue Ridge Co.,Brand B,Sporting Goods,428.13,1053.96,105,375,110665.8,44953.65,65712.15,2023-12-13,12,Dec,4,2023,59.38,2.462
Eagle Exports,Brand E,Furniture,170.8,256.23,169,207,43302.87,28865.2,14437.67,2023-07-13,7,Jul,3,2023,33.34,1.5
Delta Traders,Brand D,Furniture,36.35,43.6,177,73,7717.2,6433.95,1283.25,2023-07-03,7,Jul,3,2023,16.63,1.199
Global Mart,Brand G,Health & Beauty,337.98,535.33,145,10,77622.85,49007.1,28615.75,2023-07-08,7,Jul,3,2023,36.87,1.584
FairWay Corp.,Brand F,Furniture,123.33,264.0,184,286,48576.0,22692.72,25883.28,2023-12-21,12,Dec,4,2023,53.28,2.141
Blue Ridge Co.,Brand B,Sporting Goods,129.35,221.62,173,255,38340.26,22377.55,15962.71,2023-04-26,4,Apr,2,2023,41.63,1.713
Eagle Exports,Brand E,Sporting Goods,159.96,359.09,158,11,56736.22,25273.68,31462.54,2023-04-19,4,Apr,2,2023,55.45,2.245
Global Mart,Brand G,Electronics,41.21,77.02,172,379,13247.44,7088.12,6159.32,2023-08-04,8,Aug,3,2023,46.49,1.869
Global Mart,Brand G,Furniture,96.79,232.46,55,478,12785.3,5323.45,7461.85,2023-10-04,10,Oct,4,2023,58.36,2.402
Eagle Exports,Brand E,Health & Beauty,12.52,30.39,147,77,4467.33,1840.44,2626.89,2023-09-04,9,Sep,3,2023,58.8,2.427
Icon Wholesale,Brand I,Furniture,228.25,273.22,157,434,42895.54,35835.25,7060.29,2023-04-22,4,Apr,2,2023,16.46,1.197
Delta Traders,Brand D,Food & Beverage,51.29,89.19,2,171,178.38,102.58,75.8,2023-12-07,12,Dec,4,2023,42.49,1.739
Cardinal Goods,Brand C,Food & Beverage,344.5,673.0,164,95,110372.0,56498.0,53874.0,2023-07-21,7,Jul,3,2023,48.81,1.954
Delta Traders,Brand D,Health & Beauty,125.46,182.95,147,305,26893.65,18442.62,8451.03,2023-10-15,10,Oct,4,2023,31.42,1.458
Eagle Exports,Brand E,Electronics,472.35,788.78,135,372,106485.3,63767.25,42718.05,2023-10-19,10,Oct,4,2023,40.12,1.67
FairWay Corp.,Brand F,Electronics,436.91,895.12,154,272,137848.48,67284.14,70564.34,2023-10-16,10,Oct,4,2023,51.19,2.049
Cardinal Goods,Brand C,Sporting Goods,151.83,215.21,111,418,23888.31,16853.13,7035.18,2023-10-17,10,Oct,4,2023,29.45,1.417
Blue Ridge Co.,Brand B,Sporting Goods,393.78,765.03,38,384,29071.14,14963.64,14107.5,2023-10-21,10,Oct,4,2023,48.53,1.943
Delta Traders,Brand D,Clothing,403.59,838.03,131,412,109781.93,52870.29,56911.64,2023-07-10,7,Jul,3,2023,51.84,2.076
Eagle Exports,Brand E,Health & Beauty,493.42,605.28,102,178,61738.56,50328.84,11409.72,2023-07-30,7,Jul,3,2023,18.48,1.227
Delta Traders,Brand D,Furniture,302.94,544.24,194,63,105582.56,58770.36,46812.2,2023-03-26,3,Mar,1,2023,44.34,1.797
Cardinal Goods,Brand C,Office Supplies,50.16,73.65,95,131,6996.75,4765.2,2231.55,2023-09-27,9,Sep,3,2023,31.89,1.468
Heritage Inc.,Brand H,Health & Beauty,326.95,691.22,92,342,63592.24,30079.4,33512.84,2023-08-30,8,Aug,3,2023,52.7,2.114
Junction LLC,Brand J,Clothing,316.24,431.79,71,411,30657.09,22453.04,8204.05,2023-06-23,6,Jun,2,2023,26.76,1.365
Delta Traders,Brand D,Sporting Goods,322.79,758.28,171,271,129665.88,55197.09,74468.79,2023-06-19,6,Jun,2,2023,57.43,2.349
Blue Ridge Co.,Brand B,Health & Beauty,160.5,273.38,190,318,51942.2,30495.0,21447.2,2023-08-23,8,Aug,3,2023,41.29,1.703
Blue Ridge Co.,Brand B,Health & Beauty,431.24,593.91,199,331,118188.09,85816.76,32371.33,2023-05-26,5,May,2,2023,27.39,1.377
Apex Supplies,Brand A,Sporting Goods,480.14,822.59,24,436,19742.16,11523.36,8218.8,2023-03-13,3,Mar,1,2023,41.63,1.713
Delta Traders,Brand D,Clothing,116.68,195.12,167,340,32585.04,19485.56,13099.48,2023-07-28,7,Jul,3,2023,40.2,1.672
Junction LLC,Brand J,Sporting Goods,53.19,90.45,68,108,6150.6,3616.92,2533.68,2023-02-14,2,Feb,1,2023,41.19,1.701
Icon Wholesale,Brand I,Electronics,105.32,202.19,128,272,25880.32,13480.96,12399.36,2023-04-14,4,Apr,2,2023,47.91,1.92
Global Mart,Brand G,Furniture,412.07,753.94,93,167,70116.42,38322.51,31793.91,2023-01-07,1,Jan,1,2023,45.34,1.83
Junction LLC,Brand J,Sporting Goods,341.56,447.34,44,396,19682.96,15028.64,4654.32,2023-02-14,2,Feb,1,2023,23.65,1.31
Global Mart,Brand G,Clothing,321.66,383.36,133,179,50986.88,42780.78,8206.1,2023-01-04,1,Jan,1,2023,16.09,1.192
Global Mart,Brand G,Food & Beverage,206.88,438.83,55,57,24135.65,11378.4,12757.25,2023-07-26,7,Jul,3,2023,52.86,2.121
Heritage Inc.,Brand H,Electronics,293.14,552.16,158,479,87241.28,46316.12,40925.16,2023-10-24,10,Oct,4,2023,46.91,1.884
Apex Supplies,Brand A,Food & Beverage,160.86,257.79,29,420,7475.91,4664.94,2810.97,2023-03-13,3,Mar,1,2023,37.6,1.603
Junction LLC,Brand J,Office Supplies,243.83,544.16,154,497,83800.64,37549.82,46250.82,2023-09-18,9,Sep,3,2023,55.19,2.232
Junction LLC,Brand J,Sporting Goods,398.6,655.01,154,78,100871.54,61384.4,39487.14,2023-06-29,6,Jun,2,2023,39.15,1.643
Heritage Inc.,Brand H,Electronics,490.81,1086.83,37,459,40212.71,18159.97,22052.74,2023-11-01,11,Nov,4,2023,54.84,2.214
Delta Traders,Brand D,Furniture,466.92,713.48,115,60,82050.2,53695.8,28354.4,2023-11-18,11,Nov,4,2023,34.56,1.528
Delta Traders,Brand D,Sporting Goods,467.59,562.04,181,368,101729.24,84633.79,17095.45,2023-01-02,1,Jan,1,2023,16.8,1.202
Delta Traders,Brand D,Furniture,207.09,498.2,158,120,78715.6,32720.22,45995.38,2023-09-25,9,Sep,3,2023,58.43,2.406
FairWay Corp.,Brand F,Health & Beauty,239.71,396.09,3,206,1188.27,719.13,469.14,2023-03-01,3,Mar,1,2023,39.48,1.652
Global Mart,Brand G,Food & Beverage,355.76,786.15,122,33,95910.3,43402.72,52507.58,2023-12-14,12,Dec,4,2023,54.75,2.21
FairWay Corp.,Brand F,Electronics,461.87,688.56,43,69,29608.08,19860.41,9747.67,2023-02-22,2,Feb,1,2023,32.92,1.491
Apex Supplies,Brand A,Furniture,79.58,159.55,7,16,1116.85,557.06,559.79,2023-11-22,11,Nov,4,2023,50.12,2.005
Heritage Inc.,Brand H,Clothing,159.08,369.48,125,495,46185.0,19885.0,26300.0,2023-04-03,4,Apr,2,2023,56.94,2.323
Junction LLC,Brand J,Furniture,78.23,90.61,49,496,4439.89,3833.27,606.62,2023-06-15,6,Jun,2,2023,13.66,1.158
Global Mart,Brand G,Clothing,309.88,701.22,121,19,84847.62,37495.48,47352.14,2023-03-07,3,Mar,1,2023,55.81,2.263
FairWay Corp.,Brand F,Sporting Goods,160.09,304.15,73,456,22202.95,11686.57,10516.38,2023-12-18,12,Dec,4,2023,47.36,1.9
FairWay Corp.,Brand F,Electronics,169.79,331.17,41,314,13577.97,6961.39,6616.58,2023-10-23,10,Oct,4,2023,48.73,1.95
Eagle Exports,Brand E,Furniture,44.75,82.0,106,68,8692.0,4743.5,3948.5,2023-05-11,5,May,2,2023,45.43,1.832
FairWay Corp.,Brand F,Office Supplies,181.4,421.62,77,214,32464.74,13967.8,18496.94,2023-02-09,2,Feb,1,2023,56.98,2.324
Icon Wholesale,Brand I,Furniture,432.62,502.19,182,160,91398.58,78736.84,12661.74,2023-03-15,3,Mar,1,2023,13.85,1.161
Junction LLC,Brand J,Office Supplies,124.21,182.02,127,101,23116.54,15774.67,7341.87,2023-05-17,5,May,2,2023,31.76,1.465
Icon Wholesale,Brand I,Electronics,350.64,815.61,197,375,160675.17,69076.08,91599.09,2023-06-17,6,Jun,2,2023,57.01,2.326
Junction LLC,Brand J,Furniture,318.52,685.86,91,205,62413.26,28985.32,33427.94,2023-06-01,6,Jun,2,2023,53.56,2.153
Heritage Inc.,Brand H,Clothing,433.11,487.12,155,144,75503.6,67132.05,8371.55,2023-11-23,11,Nov,4,2023,11.09,1.125
Junction LLC,Brand J,Furniture,74.82,136.46,8,56,1091.68,598.56,493.12,2023-10-27,10,Oct,4,2023,45.17,1.824
Icon Wholesale,Brand I,Food & Beverage,489.02,900.48,32,82,28815.36,15648.64,13166.72,2023-11-23,11,Nov,4,2023,45.69,1.841
Junction LLC,Brand J,Sporting Goods,295.49,490.88,64,480,31416.32,18911.36,12504.96,2023-05-25,5,May,2,2023,39.8,1.661
Heritage Inc.,Brand H,Health & Beauty,497.78,754.81,138,384,104163.78,68693.64,35470.14,2023-08-15,8,Aug,3,2023,34.05,1.516
Heritage Inc.,Brand H,Clothing,456.64,938.13,13,268,12195.69,5936.32,6259.37,2023-04-19,4,Apr,2,2023,51.32,2.054
Apex Supplies,Brand A,Food & Beverage,118.54,164.88,191,493,31492.08,22641.14,8850.94,2023-01-20,1,Jan,1,2023,28.11,1.391
Junction LLC,Brand J,Office Supplies,37.52,83.24,93,410,7741.32,3489.36,4251.96,2023-04-16,4,Apr,2,2023,54.93,2.219
Eagle Exports,Brand E,Sporting Goods,135.26,300.85,163,453,49038.55,22047.38,26991.17,2023-04-21,4,Apr,2,2023,55.04,2.224
Delta Traders,Brand D,Electronics,268.51,451.46,61,186,27539.06,16379.11,11159.95,2023-11-15,11,Nov,4,2023,40.52,1.681
Blue Ridge Co.,Brand B,Clothing,94.08,140.83,182,5,25631.06,17122.56,8508.5,2023-08-27,8,Aug,3,2023,33.2,1.497
Heritage Inc.,Brand H,Health & Beauty,92.06,137.85,8,352,1102.8,736.48,366.32,2023-11-19,11,Nov,4,2023,33.22,1.497
Cardinal Goods,Brand C,Sporting Goods,236.67,420.14,29,349,12184.06,6863.43,5320.63,2023-01-02,1,Jan,1,2023,43.67,1.775
Delta Traders,Brand D,Office Supplies,26.3,55.42,95,109,5264.9,2498.5,2766.4,2023-05-27,5,May,2,2023,52.54,2.107
Global Mart,Brand G,Health & Beauty,69.73,111.74,41,482,4581.34,2858.93,1722.41,2023-02-04,2,Feb,1,2023,37.6,1.602
Junction LLC,Brand J,Electronics,213.77,417.72,158,406,65999.76,33775.66,32224.1,2023-01-15,1,Jan,1,2023,48.82,1.954
Icon Wholesale,Brand I,Electronics,40.93,66.94,149,137,9974.06,6098.57,3875.49,2023-01-20,1,Jan,1,2023,38.86,1.635
Blue Ridge Co.,Brand B,Office Supplies,204.41,312.0,11,50,3432.0,2248.51,1183.49,2023-09-02,9,Sep,3,2023,34.48,1.526
Cardinal Goods,Brand C,Clothing,242.26,274.92,2,402,549.84,484.52,65.32,2023-10-19,10,Oct,4,2023,11.88,1.135
Delta Traders,Brand D,Office Supplies,231.12,255.5,178,50,45479.0,41139.36,4339.64,2023-05-05,5,May,2,2023,9.54,1.105
Junction LLC,Brand J,Furniture,435.9,618.15,169,475,104467.35,73667.1,30800.25,2023-03-04,3,Mar,1,2023,29.48,1.418
Apex Supplies,Brand A,Electronics,269.73,450.17,194,86,87332.98,52327.62,35005.36,2023-12-10,12,Dec,4,2023,40.08,1.669
Global Mart,Brand G,Sporting Goods,239.31,548.44,131,67,71845.64,31349.61,40496.03,2023-03-01,3,Mar,1,2023,56.37,2.292
Blue Ridge Co.,Brand B,Furniture,211.25,468.53,80,83,37482.4,16900.0,20582.4,2023-04-11,4,Apr,2,2023,54.91,2.218
Eagle Exports,Brand E,Food & Beverage,410.64,605.3,179,466,108348.7,73504.56,34844.14,2023-11-10,11,Nov,4,2023,32.16,1.474
Apex Supplies,Brand A,Health & Beauty,448.58,647.01,196,41,126813.96,87921.68,38892.28,2023-02-24,2,Feb,1,2023,30.67,1.442
Cardinal Goods,Brand C,Furniture,428.09,607.14,87,218,52821.18,37243.83,15577.35,2023-02-06,2,Feb,1,2023,29.49,1.418
Blue Ridge Co.,Brand B,Health & Beauty,340.04,535.54,153,56,81937.62,52026.12,29911.5,2023-06-12,6,Jun,2,2023,36.51,1.575
Apex Supplies,Brand A,Office Supplies,77.31,138.96,158,225,21955.68,12214.98,9740.7,2023-09-20,9,Sep,3,2023,44.37,1.797
Global Mart,Brand G,Furniture,145.67,249.7,106,195,26468.2,15441.02,11027.18,2023-07-13,7,Jul,3,2023,41.66,1.714
Eagle Exports,Brand E,Office Supplies,32.57,45.78,139,247,6363.42,4527.23,1836.19,2023-11-16,11,Nov,4,2023,28.86,1.406
Apex Supplies,Brand A,Food & Beverage,466.1,597.83,17,165,10163.11,7923.7,2239.41,2023-02-25,2,Feb,1,2023,22.03,1.283
FairWay Corp.,Brand F,Electronics,333.79,373.05,154,61,57449.7,51403.66,6046.04,2023-07-07,7,Jul,3,2023,10.52,1.118
Eagle Exports,Brand E,Food & Beverage,375.72,494.28,23,262,11368.44,8641.56,2726.88,2023-10-29,10,Oct,4,2023,23.99,1.316
Cardinal Goods,Brand C,Electronics,162.67,339.57,184,111,62480.88,29931.28,32549.6,2023-12-07,12,Dec,4,2023,52.1,2.087
Global Mart,Brand G,Office Supplies,424.37,611.56,180,252,110080.8,76386.6,33694.2,2023-07-20,7,Jul,3,2023,30.61,1.441
Junction LLC,Brand J,Electronics,137.21,240.95,48,198,11565.6,6586.08,4979.52,2023-03-27,3,Mar,1,2023,43.05,1.756
Icon Wholesale,Brand I,Health & Beauty,10.81,20.84,20,177,416.8,216.2,200.6,2023-02-02,2,Feb,1,2023,48.13,1.928
Icon Wholesale,Brand I,Sporting Goods,194.44,455.3,2,435,910.6,388.88,521.72,2023-04-28,4,Apr,2,2023,57.29,2.342
Icon Wholesale,Brand I,Food & Beverage,289.67,679.1,88,25,59760.8,25490.96,34269.84,2023-12-03,12,Dec,4,2023,57.35,2.344
Blue Ridge Co.,Brand B,Furniture,244.57,524.36,31,409,16255.16,7581.67,8673.49,2023-11-18,11,Nov,4,2023,53.36,2.144
Cardinal Goods,Brand C,Food & Beverage,432.42,496.95,155,245,77027.25,67025.1,10002.15,2023-02-20,2,Feb,1,2023,12.99,1.149
Global Mart,Brand G,Health & Beauty,61.65,117.45,130,18,15268.5,8014.5,7254.0,2023-08-02,8,Aug,3,2023,47.51,1.905
Eagle Exports,Brand E,Electronics,281.37,619.36,78,264,48310.08,21946.86,26363.22,2023-08-05,8,Aug,3,2023,54.57,2.201
Blue Ridge Co.,Brand B,Health & Beauty,261.36,293.82,4,316,1175.28,1045.44,129.84,2023-08-28,8,Aug,3,2023,11.05,1.124
Cardinal Goods,Brand C,Clothing,147.88,276.47,141,19,38982.27,20851.08,18131.19,2023-09-13,9,Sep,3,2023,46.51,1.87
